game_pk,fecha,home_team_id,home_team_name,away_team_id,away_team_name,home_pitcher_id,home_pitcher_name,away_pitcher_id,away_pitcher_name,era_pitcher_home,whip_pitcher_home,ops_team_home,era_pitcher_away,whip_pitcher_away,ops_team_away,win_pct_home,win_pct_away,run_diff_home,run_diff_away,forma_home,forma_away,rest_days_home,rest_days_away,era_diff,ops_diff,win_pct_diff,run_diff_net,target
823930,2026-07-06,119,Los Angeles Dodgers,115,Colorado Rockies,641778,Eric Lauer,607536,Kyle Freeland,4.79,1.25,0.844,6.37,1.46,0.824,0.602,0.394,145,-122,0.4,0.7,4,4,1.58,0.020000000000000018,0.20799999999999996,267,1
824089,2026-07-06,118,Kansas City Royals,143,Philadelphia Phillies,702070,Noah Cameron,650911,Cristopher Sánchez,4.16,1.22,0.815,2.51,1.22,0.755,0.422,0.547,-104,15,0.7,0.4,4,4,-1.6500000000000004,0.05999999999999994,-0.12500000000000006,-119,1
822958,2026-07-06,139,Tampa Bay Rays,147,New York Yankees,643377,Griffin Jax,693645,Cam Schlittler,3.63,1.21,0.702,2.19,0.94,0.77,0.603,0.563,49,89,0.2,0.5,4,4,-1.44,-0.06800000000000006,0.040000000000000036,-40,0
822712,2026-07-06,120,Washington Nationals,117,Houston Astros,571945,Miles Mikolas,681347,Mike Burrows,5.82,1.38,0.884,5.99,1.55,1.04,0.477,0.504,19,-31,0.7,0.5,4,4,0.16999999999999993,-0.15600000000000003,-0.027000000000000024,50,1
823205,2026-07-06,137,San Francisco Giants,141,Toronto Blue Jays,694738,Landen Roupp,592332,Kevin Gausman,4.31,1.3,0.8,4.58,1.3,0.714,0.413,0.484,-73,-53,0.3,0.3,4,4,0.27000000000000046,0.08600000000000008,-0.07100000000000001,-20,1
823036,2026-07-06,138,St. Louis Cardinals,158,Milwaukee Brewers,669160,Dustin May,675660,Shane Drohan,4.57,1.3,0.845,3.86,1.25,0.81,0.508,0.614,9,156,0.5,0.4,4,4,-0.7100000000000004,0.03499999999999992,-0.10599999999999998,-147,0
823282,2026-07-06,135,San Diego Padres,109,Arizona Diamondbacks,621111,Walker Buehler,694297,Brandon Pfaadt,4.79,1.39,0.788,3.39,1.14,0.855,0.531,0.523,3,4,0.7,0.5,4,4,-1.4,-0.06699999999999995,0.008000000000000007,-1,0
824900,2026-07-06,144,Atlanta Braves,121,New York Mets,625643,Reynaldo López,642547,Freddy Peralta,3.64,1.34,0.804,5.27,1.48,0.752,0.583,0.453,110,-42,0.6,0.3,4,4,1.6299999999999994,0.052000000000000046,0.12999999999999995,152,0
823062,2026-07-07,138,St. Louis Cardinals,158,Milwaukee Brewers,694335,Matt Svanson,694819,Jacob Misiorowski,7.27,1.75,0.845,1.75,0.75,0.81,0.508,0.614,9,156,0.5,0.4,4,4,-5.52,0.03499999999999992,-0.10599999999999998,-147,0
823035,2026-07-07,138,St. Louis Cardinals,158,Milwaukee Brewers,690928,Hunter Dobbins,688107,Robert Gasser,3.42,1.3,0.845,4.54,1.24,0.81,0.508,0.614,9,156,0.5,0.4,4,4,1.12,0.03499999999999992,-0.10599999999999998,-147,0
824820,2026-07-07,110,Baltimore Orioles,112,Chicago Cubs,669358,Shane Baz,571510,Matthew Boyd,4.02,1.35,0.857,4.02,1.24,0.928,0.48,0.578,-31,100,0.3,0.6,4,4,0.0,-0.07100000000000006,-0.09799999999999998,-131,0
824254,2026-07-07,116,Detroit Tigers,133,Athletics,669373,Tarik Skubal,669372,J.T. Ginn,2.85,0.96,0.808,3.53,1.22,0.829,0.48,0.386,82,-181,0.4,0.5,4,4,0.6799999999999997,-0.020999999999999908,0.09399999999999997,263,1
823361,2026-07-07,134,Pittsburgh Pirates,144,Atlanta Braves,694973,Paul Skenes,694462,Hurston Waldrep,3.95,1.14,0.772,8.44,2.16,0.804,0.488,0.583,31,110,0.6,0.4,4,4,4.489999999999999,-0.03200000000000003,-0.09499999999999997,-79,1
822956,2026-07-07,139,Tampa Bay Rays,147,New York Yankees,693855,Ian Seymour,701542,Will Warren,4.11,1.13,0.702,4.43,1.4,0.77,0.603,0.563,49,89,0.2,0.5,4,4,0.3199999999999994,-0.06800000000000006,0.040000000000000036,-40,1
822713,2026-07-07,120,Washington Nationals,117,Houston Astros,674841,Andrew Alvarez,837227,Tatsuya Imai,3.72,1.33,0.884,5.29,1.47,1.04,0.477,0.504,19,-31,0.7,0.5,4,4,1.5699999999999998,-0.15600000000000003,-0.027000000000000024,50,0
823847,2026-07-07,146,Miami Marlins,136,Seattle Mariners,676974,Max Meyer,693433,Bryan Woo,2.68,1.14,0.793,4.1,1.08,0.818,0.5,0.472,14,-43,0.7,0.6,4,4,1.4199999999999995,-0.02499999999999991,0.028000000000000025,57,1
824495,2026-07-07,113,Cincinnati Reds,143,Philadelphia Phillies,671096,Andrew Abbott,554430,Zack Wheeler,4.07,1.4,0.808,2.92,1.01,0.755,0.48,0.547,-88,15,0.4,0.4,4,4,-1.1500000000000004,0.05300000000000005,-0.06700000000000006,-103,0
823687,2026-07-07,142,Minnesota Twins,114,Cleveland Guardians,671737,Taj Bradley,676282,Joey Cantillo,3.9,1.28,0.741,3.8,1.44,0.8,0.492,0.48,-41,-26,0.6,0.4,4,4,-0.10000000000000009,-0.05900000000000005,0.01200000000000001,-15,1
824579,2026-07-07,145,Chicago White Sox,111,Boston Red Sox,702273,Noah Schultz,801139,Payton Tolle,6.06,1.42,0.757,3.08,1.08,0.927,0.524,0.535,47,95,0.4,0.3,4,4,-2.9799999999999995,-0.17000000000000004,-0.01100000000000001,-48,0
822881,2026-07-07,140,Texas Rangers,108,Los Angeles Angels,594798,Jacob deGrom,667755,José Soriano,3.95,1.17,0.802,3.23,1.26,0.743,0.488,0.394,-48,-85,0.6,0.4,4,4,-0.7200000000000002,0.05900000000000005,0.09399999999999997,37,1
823280,2026-07-07,135,San Diego Padres,109,Arizona Diamondbacks,608566,Germán Márquez,668678,Zac Gallen,5.26,1.49,0.788,6.34,1.56,0.855,0.531,0.523,3,4,0.7,0.5,4,4,1.08,-0.06699999999999995,0.008000000000000007,-1,1
823203,2026-07-07,137,San Francisco Giants,141,Toronto Blue Jays,686790,Trevor McDonald,693686,Spencer Miles,5.12,1.31,0.8,3.08,1.11,0.714,0.413,0.484,-73,-53,0.3,0.3,4,4,-2.04,0.08600000000000008,-0.07100000000000001,-20,0
823929,2026-07-07,119,Los Angeles Dodgers,115,Colorado Rockies,680736,Justin Wrobleski,547179,Michael Lorenzen,3.56,1.1,0.844,7.08,1.88,0.824,0.602,0.394,145,-122,0.4,0.7,4,4,3.52,0.020000000000000018,0.20799999999999996,267,0
823607,2026-07-07,121,New York Mets,118,Kansas City Royals,672335,Cionel Pérez,607625,Seth Lugo,4.97,1.44,0.752,4.71,1.38,0.815,0.453,0.422,-42,-104,0.7,0.3,4,4,-0.2599999999999998,-0.06299999999999994,0.031000000000000028,62,0
822957,2026-07-08,139,Tampa Bay Rays,147,New York Yankees,663556,Shane McClanahan,543037,Gerrit Cole,3.25,1.12,0.702,3.22,1.08,0.77,0.603,0.563,49,89,0.2,0.5,4,4,-0.029999999999999805,-0.06800000000000006,0.040000000000000036,-40,1
823202,2026-07-08,137,San Francisco Giants,141,Toronto Blue Jays,657277,Logan Webb,656302,Dylan Cease,3.5,1.06,0.8,2.42,1.06,0.714,0.413,0.484,-73,-53,0.3,0.3,4,4,-1.08,0.08600000000000008,-0.07100000000000001,-20,0
824815,2026-07-08,110,Baltimore Orioles,112,Chicago Cubs,665152,Dean Kremer,607067,Colin Rea,5.4,1.18,0.857,4.58,1.36,0.928,0.48,0.578,-31,100,0.3,0.6,4,4,-0.8200000000000003,-0.07100000000000006,-0.09799999999999998,-131,0
824253,2026-07-08,116,Detroit Tigers,133,Athletics,675512,Troy Melton,605488,Jeffrey Springs,1.71,0.97,0.808,6.02,1.48,0.829,0.48,0.386,82,-181,0.4,0.5,4,4,4.31,-0.020999999999999908,0.09399999999999997,263,1
823360,2026-07-08,134,Pittsburgh Pirates,144,Atlanta Braves,683003,Jared Jones,656550,Grant Holmes,4.78,1.2,0.772,3.82,1.35,0.804,0.488,0.583,31,110,0.6,0.4,4,4,-0.9600000000000004,-0.03200000000000003,-0.09499999999999997,-79,0
823848,2026-07-08,146,Miami Marlins,136,Seattle Mariners,663969,Tyler Phillips,669923,George Kirby,3.67,1.37,0.793,3.89,1.31,0.818,0.5,0.472,14,-43,0.7,0.6,4,4,0.2200000000000002,-0.02499999999999991,0.028000000000000025,57,1
822710,2026-07-08,120,Washington Nationals,117,Houston Astros,656492,Foster Griffin,681293,Spencer Arrighetti,3.18,1.11,0.884,4.6,1.34,1.04,0.477,0.504,19,-31,0.7,0.5,4,4,1.4199999999999995,-0.15600000000000003,-0.027000000000000024,50,1
823928,2026-07-08,119,Los Angeles Dodgers,115,Colorado Rockies,808963,Roki Sasaki,687312,Gabriel Hughes,4.42,1.3,0.844,6.69,1.38,0.824,0.602,0.394,145,-122,0.4,0.7,4,4,2.2700000000000005,0.020000000000000018,0.20799999999999996,267,1
824496,2026-07-08,113,Cincinnati Reds,143,Philadelphia Phillies,695505,Chase Burns,660604,Alan Rangel,2.51,1.11,0.808,5.88,1.69,0.755,0.48,0.547,-88,15,0.4,0.4,4,4,3.37,0.05300000000000005,-0.06700000000000006,-103,1
823684,2026-07-08,142,Minnesota Twins,114,Cleveland Guardians,687570,Connor Prielipp,677944,Slade Cecconi,5.34,1.38,0.741,5.07,1.5,0.8,0.492,0.48,-41,-26,0.6,0.4,4,4,-0.2699999999999996,-0.05900000000000005,0.01200000000000001,-15,1
824578,2026-07-08,145,Chicago White Sox,111,Boston Red Sox,663436,Davis Martin,687562,Jake Bennett,4.32,1.33,0.757,3.46,1.07,0.927,0.524,0.535,47,95,0.4,0.3,4,4,-0.8600000000000003,-0.17000000000000004,-0.01100000000000001,-48,0
823032,2026-07-08,138,St. Louis Cardinals,158,Milwaukee Brewers,700241,Michael McGreevy,690986,Kyle Harrison,3.48,1.22,0.845,2.84,1.11,0.81,0.508,0.614,9,156,0.5,0.4,4,4,-0.6400000000000001,0.03499999999999992,-0.10599999999999998,-147,1
822880,2026-07-08,140,Texas Rangers,108,Los Angeles Angels,669022,MacKenzie Gore,700712,Walbert Ureña,4.45,1.26,0.802,2.8,1.24,0.743,0.488,0.394,-48,-85,0.6,0.4,4,4,-1.6500000000000004,0.05900000000000005,0.09399999999999997,37,0
823279,2026-07-08,135,San Diego Padres,109,Arizona Diamondbacks,650633,Michael King,703615,Jose Cabrera,3.38,1.17,0.788,5.6,1.53,0.855,0.531,0.523,3,4,0.7,0.5,4,4,2.2199999999999998,-0.06699999999999995,0.008000000000000007,-1,1
823605,2026-07-08,121,New York Mets,118,Kansas City Royals,681035,Christian Scott,674444,Steven Cruz,3.51,1.29,0.752,4.37,1.2,0.815,0.453,0.422,-42,-104,0.7,0.3,4,4,0.8600000000000003,-0.06299999999999994,0.031000000000000028,62,1
823683,2026-07-09,142,Minnesota Twins,114,Cleveland Guardians,641927,Bailey Ober,668909,Gavin Williams,4.62,1.25,0.741,3.74,1.08,0.8,0.492,0.48,-41,-26,0.6,0.4,4,4,-0.8799999999999999,-0.05900000000000005,0.01200000000000001,-15,0
823359,2026-07-09,134,Pittsburgh Pirates,144,Atlanta Braves,656605,Mitch Keller,693821,Bryce Elder,5.29,1.37,0.772,3.92,1.23,0.804,0.488,0.583,31,110,0.6,0.4,4,4,-1.37,-0.03200000000000003,-0.09499999999999997,-79,0
823606,2026-07-09,121,New York Mets,118,Kansas City Royals,640455,Sean Manaea,608379,Michael Wacha,4.22,1.32,0.752,3.58,1.15,0.815,0.453,0.422,-42,-104,0.7,0.3,4,4,-0.6399999999999997,-0.06299999999999994,0.031000000000000028,62,1
822954,2026-07-09,139,Tampa Bay Rays,147,New York Yankees,656876,Drew Rasmussen,621112,Paul Blackburn,3.01,0.95,0.702,1.8,1.06,0.77,0.603,0.563,49,89,0.2,0.5,4,4,-1.2099999999999997,-0.06800000000000006,0.040000000000000036,-40,0
824816,2026-07-09,110,Baltimore Orioles,112,Chicago Cubs,669432,Trevor Rogers,656849,David Peterson,4.15,1.25,0.857,5.29,1.53,0.928,0.48,0.578,-31,100,0.3,0.6,4,4,1.1399999999999997,-0.07100000000000006,-0.09799999999999998,-131,1
824577,2026-07-09,145,Chicago White Sox,111,Boston Red Sox,641743,Anthony Kay,663776,Patrick Sandoval,4.01,1.34,0.757,4.76,1.85,0.927,0.524,0.535,47,95,0.4,0.3,4,4,0.75,-0.17000000000000004,-0.01100000000000001,-48,0
823277,2026-07-09,135,San Diego Padres,109,Arizona Diamondbacks,656288,Griffin Canning,518876,Merrill Kelly,6.5,1.54,0.788,5.37,1.52,0.855,0.531,0.523,3,4,0.7,0.5,4,4,-1.13,-0.06699999999999995,0.008000000000000007,-1,0
823846,2026-07-09,146,Miami Marlins,136,Seattle Mariners,676083,Janson Junk,682243,Bryce Miller,4.37,1.36,0.793,3.71,1.04,0.818,0.5,0.472,14,-43,0.7,0.6,4,4,-0.6600000000000001,-0.02499999999999991,0.028000000000000025,57,1
824494,2026-07-09,113,Cincinnati Reds,143,Philadelphia Phillies,663903,Brady Singer,666200,Jesús Luzardo,4.66,1.44,0.808,3.23,1.15,0.755,0.48,0.547,-88,15,0.4,0.4,4,4,-1.4300000000000002,0.05300000000000005,-0.06700000000000006,-103,0
823034,2026-07-09,138,St. Louis Cardinals,158,Milwaukee Brewers,669467,Andre Pallante,701656,Logan Henderson,3.57,1.24,0.845,2.7,0.87,0.81,0.508,0.614,9,156,0.5,0.4,4,4,-0.8699999999999997,0.03499999999999992,-0.10599999999999998,-147,0
822877,2026-07-09,140,Texas Rangers,108,Los Angeles Angels,543135,Nathan Eovaldi,672282,Reid Detmers,4.21,1.21,0.802,3.78,1.06,0.743,0.488,0.394,-48,-85,0.6,0.4,4,4,-0.43000000000000016,0.05900000000000005,0.09399999999999997,37,1
823201,2026-07-09,137,San Francisco Giants,115,Colorado Rockies,687931,Carson Whisenhunt,663372,Ryan Feltner,7.03,1.84,0.8,5.97,1.53,0.824,0.413,0.394,-73,-122,0.3,0.7,4,4,-1.0600000000000005,-0.02399999999999991,0.01899999999999996,49,1
824251,2026-07-09,116,Detroit Tigers,133,Athletics,664285,Framber Valdez,660761,José Suarez,4.35,1.4,0.808,5.22,1.5,0.829,0.48,0.386,82,-181,0.4,0.5,4,4,0.8700000000000001,-0.020999999999999908,0.09399999999999997,263,1
824252,2026-07-10,116,Detroit Tigers,143,Philadelphia Phillies,656427,Jack Flaherty,605400,Aaron Nola,4.59,1.41,0.808,5.12,1.42,0.755,0.48,0.547,82,15,0.4,0.4,4,4,0.5300000000000002,0.05300000000000005,-0.06700000000000006,67,1
822709,2026-07-10,120,Washington Nationals,147,New York Yankees,687223,Carson Palmquist,677960,Ryan Weathers,7.71,1.78,0.884,3.56,1.19,0.77,0.477,0.563,19,89,0.7,0.5,4,4,-4.15,0.11399999999999999,-0.08599999999999997,-70,0
824817,2026-07-10,110,Baltimore Orioles,118,Kansas City Royals,687064,Brandon Young,679883,Luinder Avila,3.52,1.35,0.857,5.53,1.61,0.815,0.48,0.422,-31,-104,0.3,0.3,4,4,2.0100000000000002,0.04200000000000004,0.057999999999999996,73,1
824493,2026-07-10,113,Cincinnati Reds,112,Chicago Cubs,668881,Hunter Greene,684007,Shota Imanaga,6.83,1.37,0.808,3.77,1.09,0.928,0.48,0.578,-88,100,0.4,0.6,4,4,-3.06,-0.12,-0.09799999999999998,-188,1
822955,2026-07-10,139,Tampa Bay Rays,136,Seattle Mariners,607259,Nick Martinez,622491,Luis Castillo,3.05,1.14,0.702,4.99,1.37,0.818,0.603,0.472,49,-43,0.2,0.6,4,4,1.9400000000000004,-0.11599999999999999,0.131,92,1
823845,2026-07-10,146,Miami Marlins,114,Cleveland Guardians,645261,Sandy Alcantara,800048,Parker Messick,3.46,1.18,0.793,2.54,1.03,0.8,0.5,0.48,14,-26,0.7,0.4,4,4,-0.9199999999999999,-0.007000000000000006,0.020000000000000018,40,0
823604,2026-07-10,121,New York Mets,111,Boston Red Sox,690997,Nolan McLean,543243,Sonny Gray,3.34,1.16,0.752,2.65,1.15,0.927,0.453,0.535,-42,95,0.7,0.3,4,4,-0.69,-0.17500000000000004,-0.08200000000000002,-137,0
822878,2026-07-10,140,Texas Rangers,117,Houston Astros,615698,Cal Quantrill,686613,Hunter Brown,3.13,1.15,0.802,3.67,1.3,1.04,0.488,0.504,-48,-31,0.6,0.5,4,4,0.54,-0.238,-0.016000000000000014,-17,1
823685,2026-07-10,142,Minnesota Twins,108,Los Angeles Angels,805673,Zebby Matthews,680570,Grayson Rodriguez,5.12,1.33,0.741,7.17,1.59,0.743,0.492,0.394,-41,-85,0.6,0.4,4,4,2.05,-0.0020000000000000018,0.09799999999999998,44,0
823033,2026-07-10,138,St. Louis Cardinals,144,Atlanta Braves,681517,Kyle Leahy,519242,Chris Sale,3.24,1.31,0.845,2.16,1.02,0.804,0.508,0.583,9,110,0.5,0.4,4,4,-1.08,0.040999999999999925,-0.07499999999999996,-101,1
823278,2026-07-10,135,San Diego Padres,141,Toronto Blue Jays,676664,JP Sears,669456,Shane Bieber,4.68,1.35,0.788,4.99,1.56,0.714,0.531,0.484,3,-53,0.7,0.3,4,4,0.3100000000000005,0.07400000000000007,0.04700000000000004,56,0
823927,2026-07-10,119,Los Angeles Dodgers,109,Arizona Diamondbacks,669165,Kyle Hurt,593958,Eduardo Rodriguez,4.2,1.38,0.844,2.71,1.21,0.855,0.602,0.523,145,4,0.4,0.5,4,4,-1.4900000000000002,-0.01100000000000001,0.07899999999999996,141,0
823200,2026-07-10,137,San Francisco Giants,115,Colorado Rockies,592662,Robbie Ray,685299,Tanner Gordon,3.2,1.31,0.8,5.55,1.44,0.824,0.413,0.394,-73,-122,0.3,0.7,4,4,2.3499999999999996,-0.02399999999999991,0.01899999999999996,49,0
823357,2026-07-10,134,Pittsburgh Pirates,158,Milwaukee Brewers,677952,Braxton Ashcraft,687075,Brandon Sproat,3.68,1.08,0.772,5.27,1.42,0.81,0.488,0.614,31,156,0.6,0.4,4,4,1.5899999999999994,-0.038000000000000034,-0.126,-125,1
824575,2026-07-10,145,Chicago White Sox,133,Athletics,680732,Sean Burke,682052,Jacob Lopez,3.15,1.11,0.757,5.22,1.53,0.829,0.524,0.386,47,-181,0.4,0.5,4,4,2.07,-0.07199999999999995,0.138,228,1
822711,2026-07-11,120,Washington Nationals,147,New York Yankees,676571,PJ Poulin,693645,Cam Schlittler,2.7,1.31,0.884,2.19,0.94,0.77,0.477,0.563,19,89,0.7,0.5,4,4,-0.5100000000000002,0.11399999999999999,-0.08599999999999997,-70,0
823357,2026-07-11,134,Pittsburgh Pirates,158,Milwaukee Brewers,677952,Braxton Ashcraft,687075,Brandon Sproat,3.68,1.08,0.772,5.27,1.42,0.81,0.488,0.614,31,156,0.6,0.4,4,4,1.5899999999999994,-0.038000000000000034,-0.126,-125,1
823356,2026-07-11,134,Pittsburgh Pirates,158,Milwaukee Brewers,696149,Bubba Chandler,675660,Shane Drohan,4.23,1.37,0.772,3.86,1.25,0.81,0.488,0.614,31,156,0.6,0.4,4,4,-0.37000000000000055,-0.038000000000000034,-0.126,-125,1
823682,2026-07-11,142,Minnesota Twins,108,Los Angeles Angels,657746,Joe Ryan,696270,Ryan Johnson,3.65,1.14,0.741,6.41,1.54,0.743,0.492,0.394,-41,-85,0.6,0.4,4,4,2.7600000000000002,-0.0020000000000000018,0.09799999999999998,44,1
824576,2026-07-11,145,Chicago White Sox,133,Athletics,663542,Bryan Hudson,695611,Gage Jump,3.42,1.29,0.757,4.5,1.45,0.829,0.524,0.386,47,-181,0.4,0.5,4,4,1.08,-0.07199999999999995,0.138,228,1
823198,2026-07-11,137,San Francisco Giants,115,Colorado Rockies,641816,Tyler Mahle,607536,Kyle Freeland,4.53,1.31,0.8,6.37,1.46,0.824,0.413,0.394,-73,-122,0.3,0.7,4,4,1.8399999999999999,-0.02399999999999991,0.01899999999999996,49,1
823603,2026-07-11,121,New York Mets,111,Boston Red Sox,642547,Freddy Peralta,700842,Eduardo Rivera,5.27,1.48,0.752,6.3,1.4,0.927,0.453,0.535,-42,95,0.7,0.3,4,4,1.0300000000000002,-0.17500000000000004,-0.08200000000000002,-137,0
822875,2026-07-11,140,Texas Rangers,117,Houston Astros,677958,Kumar Rocker,663567,Peter Lambert,4.46,1.4,0.802,3.11,1.15,1.04,0.488,0.504,-48,-31,0.6,0.5,4,4,-1.35,-0.238,-0.016000000000000014,-17,0
823844,2026-07-11,146,Miami Marlins,114,Cleveland Guardians,691587,Eury Pérez,676440,Tanner Bibee,3.23,1.11,0.793,4.01,1.15,0.8,0.5,0.48,14,-26,0.7,0.4,4,4,0.7799999999999998,-0.007000000000000006,0.020000000000000018,40,0
823276,2026-07-11,135,San Diego Padres,141,Toronto Blue Jays,621111,Walker Buehler,702056,Trey Yesavage,4.79,1.39,0.788,3.65,1.14,0.714,0.531,0.484,3,-53,0.7,0.3,4,4,-1.1400000000000001,0.07400000000000007,0.04700000000000004,56,1
823030,2026-07-11,138,St. Louis Cardinals,144,Atlanta Braves,669461,Matthew Liberatore,625643,Reynaldo López,5.04,1.44,0.845,3.64,1.34,0.804,0.508,0.583,9,110,0.5,0.4,4,4,-1.4,0.040999999999999925,-0.07499999999999996,-101,1
824492,2026-07-11,113,Cincinnati Reds,112,Chicago Cubs,666157,Nick Lodolo,665871,Javier Assad,4.52,1.42,0.808,3.46,1.1,0.928,0.48,0.578,-88,100,0.4,0.6,4,4,-1.0599999999999996,-0.12,-0.09799999999999998,-188,0
822953,2026-07-11,139,Tampa Bay Rays,136,Seattle Mariners,643377,Griffin Jax,669302,Logan Gilbert,3.63,1.21,0.702,3.35,1.01,0.818,0.603,0.472,49,-43,0.2,0.6,4,4,-0.2799999999999998,-0.11599999999999999,0.131,92,1
824813,2026-07-11,110,Baltimore Orioles,118,Kansas City Royals,680694,Kyle Bradish,702070,Noah Cameron,3.65,1.36,0.857,4.16,1.22,0.815,0.48,0.422,-31,-104,0.3,0.3,4,4,0.5100000000000002,0.04200000000000004,0.057999999999999996,73,1
824249,2026-07-11,116,Detroit Tigers,143,Philadelphia Phillies,663554,Casey Mize,650911,Cristopher Sánchez,3.18,1.07,0.808,2.51,1.22,0.755,0.48,0.547,82,15,0.4,0.4,4,4,-0.6700000000000004,0.05300000000000005,-0.06700000000000006,67,0
823926,2026-07-11,119,Los Angeles Dodgers,109,Arizona Diamondbacks,808967,Yoshinobu Yamamoto,694297,Brandon Pfaadt,2.6,0.89,0.844,3.39,1.14,0.855,0.602,0.523,145,4,0.4,0.5,4,4,0.79,-0.01100000000000001,0.07899999999999996,141,0
823358,2026-07-12,134,Pittsburgh Pirates,158,Milwaukee Brewers,694973,Paul Skenes,688107,Robert Gasser,3.95,1.14,0.772,4.54,1.24,0.81,0.488,0.614,31,156,0.6,0.4,4,4,0.5899999999999999,-0.038000000000000034,-0.126,-125,1
824814,2026-07-12,110,Baltimore Orioles,118,Kansas City Royals,669358,Shane Baz,607625,Seth Lugo,4.02,1.35,0.857,4.71,1.38,0.815,0.48,0.422,-31,-104,0.3,0.3,4,4,0.6900000000000004,0.04200000000000004,0.057999999999999996,73,1
822708,2026-07-12,120,Washington Nationals,147,New York Yankees,676917,Cade Cavalli,701542,Will Warren,3.22,1.22,0.884,4.43,1.4,0.77,0.477,0.563,19,89,0.7,0.5,4,4,1.2099999999999995,0.11399999999999999,-0.08599999999999997,-70,0
824491,2026-07-12,113,Cincinnati Reds,112,Chicago Cubs,671096,Andrew Abbott,571510,Matthew Boyd,4.07,1.4,0.808,4.02,1.24,0.928,0.48,0.578,-88,100,0.4,0.6,4,4,-0.05000000000000071,-0.12,-0.09799999999999998,-188,0
822951,2026-07-12,139,Tampa Bay Rays,136,Seattle Mariners,693855,Ian Seymour,676106,Emerson Hancock,4.11,1.13,0.702,3.3,1.11,0.818,0.603,0.472,49,-43,0.2,0.6,4,4,-0.8100000000000005,-0.11599999999999999,0.131,92,0
823842,2026-07-12,146,Miami Marlins,114,Cleveland Guardians,663969,Tyler Phillips,676282,Joey Cantillo,3.67,1.37,0.793,3.8,1.44,0.8,0.5,0.48,14,-26,0.7,0.4,4,4,0.1299999999999999,-0.007000000000000006,0.020000000000000018,40,0
823602,2026-07-12,121,New York Mets,111,Boston Red Sox,804267,Zac Thornton,801139,Payton Tolle,3.04,1.13,0.752,3.08,1.08,0.927,0.453,0.535,-42,95,0.7,0.3,4,4,0.040000000000000036,-0.17500000000000004,-0.08200000000000002,-137,0
824574,2026-07-12,145,Chicago White Sox,133,Athletics,702273,Noah Schultz,669372,J.T. Ginn,6.06,1.42,0.757,3.53,1.22,0.829,0.524,0.386,47,-181,0.4,0.5,4,4,-2.53,-0.07199999999999995,0.138,228,1
823029,2026-07-12,138,St. Louis Cardinals,144,Atlanta Braves,669160,Dustin May,664849,Danny Young,4.57,1.3,0.845,8.03,2.27,0.804,0.508,0.583,9,110,0.5,0.4,4,4,3.459999999999999,0.040999999999999925,-0.07499999999999996,-101,0
822876,2026-07-12,140,Texas Rangers,117,Houston Astros,669022,MacKenzie Gore,664299,Cristian Javier,4.45,1.26,0.802,6.44,1.68,1.04,0.488,0.504,-48,-31,0.6,0.5,4,4,1.9900000000000002,-0.238,-0.016000000000000014,-17,1
823199,2026-07-12,137,San Francisco Giants,115,Colorado Rockies,686790,Trevor McDonald,547179,Michael Lorenzen,5.12,1.31,0.8,7.08,1.88,0.824,0.413,0.394,-73,-122,0.3,0.7,4,4,1.96,-0.02399999999999991,0.01899999999999996,49,1
823925,2026-07-12,119,Los Angeles Dodgers,109,Arizona Diamondbacks,686218,Emmet Sheehan,683352,Mitch Bratt,5.29,1.29,0.844,4.17,1.47,0.855,0.602,0.523,145,4,0.4,0.5,4,4,-1.12,-0.01100000000000001,0.07899999999999996,141,0
823274,2026-07-12,135,San Diego Padres,141,Toronto Blue Jays,608566,Germán Márquez,592332,Kevin Gausman,5.26,1.49,0.788,4.58,1.3,0.714,0.531,0.484,3,-53,0.7,0.3,4,4,-0.6799999999999997,0.07400000000000007,0.04700000000000004,56,1
823681,2026-07-12,142,Minnesota Twins,108,Los Angeles Angels,671737,Taj Bradley,667755,José Soriano,3.9,1.28,0.741,3.23,1.26,0.743,0.492,0.394,-41,-85,0.6,0.4,4,4,-0.6699999999999999,-0.0020000000000000018,0.09799999999999998,44,1
824250,2026-07-12,116,Detroit Tigers,143,Philadelphia Phillies,669373,Tarik Skubal,554430,Zack Wheeler,2.85,0.96,0.808,2.92,1.01,0.755,0.48,0.547,82,15,0.4,0.4,4,4,0.06999999999999984,0.05300000000000005,-0.06700000000000006,67,0
823440,2026-07-16,143,Philadelphia Phillies,121,New York Mets,605400,Aaron Nola,681035,Christian Scott,5.12,1.42,0.755,3.51,1.29,0.752,0.547,0.453,15,-42,0.6,0.3,4,4,-1.6100000000000003,0.0030000000000000027,0.09400000000000003,57,0
824655,2026-07-17,112,Chicago Cubs,142,Minnesota Twins,607067,Colin Rea,641927,Bailey Ober,4.58,1.36,0.928,4.62,1.25,0.741,0.578,0.492,100,-41,0.4,0.4,4,4,0.040000000000000036,0.18700000000000006,0.08599999999999997,141,0
824766,2026-07-17,111,Boston Red Sox,139,Tampa Bay Rays,687562,Jake Bennett,643377,Griffin Jax,3.46,1.07,0.927,3.63,1.21,0.702,0.535,0.603,95,49,0.7,0.8,4,4,0.16999999999999993,0.2250000000000001,-0.06799999999999995,46,1
824737,2026-07-17,111,Boston Red Sox,139,Tampa Bay Rays,700842,Eduardo Rivera,669438,Mason Englert,6.3,1.4,0.927,4.54,1.43,0.702,0.535,0.603,95,49,0.7,0.8,4,4,-1.7599999999999998,0.2250000000000001,-0.06799999999999995,46,1
823524,2026-07-17,147,New York Yankees,119,Los Angeles Dodgers,543037,Gerrit Cole,808963,Roki Sasaki,3.22,1.08,0.77,4.42,1.3,0.844,0.563,0.602,89,145,0.5,0.6,4,4,1.1999999999999997,-0.07399999999999995,-0.039000000000000035,-56,0
824901,2026-07-17,144,Atlanta Braves,140,Texas Rangers,519242,Chris Sale,615698,Cal Quantrill,2.16,1.02,0.804,3.13,1.15,0.802,0.583,0.488,110,-48,0.6,0.4,4,4,0.9699999999999998,0.0020000000000000018,0.09499999999999997,158,1
822789,2026-07-17,141,Toronto Blue Jays,145,Chicago White Sox,693686,Spencer Miles,641743,Anthony Kay,3.08,1.11,0.714,4.01,1.34,0.757,0.484,0.524,-53,47,0.7,0.6,4,4,0.9299999999999997,-0.04300000000000004,-0.040000000000000036,-100,0
823766,2026-07-17,158,Milwaukee Brewers,146,Miami Marlins,701656,Logan Henderson,645261,Sandy Alcantara,2.7,0.87,0.81,3.46,1.18,0.793,0.614,0.5,156,14,0.6,0.3,4,4,0.7599999999999998,0.017000000000000015,0.11399999999999999,142,1
824170,2026-07-17,117,Houston Astros,110,Baltimore Orioles,663567,Peter Lambert,665152,Dean Kremer,3.11,1.15,1.04,5.4,1.18,0.857,0.504,0.48,-31,-31,0.5,0.7,4,4,2.2900000000000005,0.18300000000000005,0.02400000000000002,0,0
824332,2026-07-17,115,Colorado Rockies,113,Cincinnati Reds,687312,Gabriel Hughes,663903,Brady Singer,6.69,1.38,0.824,4.66,1.44,0.808,0.394,0.48,-122,-88,0.3,0.6,4,4,-2.0300000000000002,0.015999999999999903,-0.08599999999999997,-34,0
824009,2026-07-17,108,Los Angeles Angels,116,Detroit Tigers,672282,Reid Detmers,675512,Troy Melton,3.78,1.06,0.743,1.71,0.97,0.808,0.394,0.48,-85,82,0.6,0.6,4,4,-2.07,-0.06500000000000006,-0.08599999999999997,-167,0
824981,2026-07-17,133,Athletics,120,Washington Nationals,695611,Gage Jump,676917,Cade Cavalli,4.5,1.45,0.829,3.22,1.22,0.884,0.386,0.477,-181,19,0.5,0.3,4,4,-1.2799999999999998,-0.05500000000000005,-0.09099999999999997,-200,0
825060,2026-07-17,109,Arizona Diamondbacks,138,St. Louis Cardinals,518876,Merrill Kelly,700241,Michael McGreevy,5.37,1.52,0.855,3.48,1.22,0.845,0.523,0.508,4,9,0.5,0.5,4,4,-1.8900000000000001,0.010000000000000009,0.015000000000000013,-5,0
823115,2026-07-17,136,Seattle Mariners,137,San Francisco Giants,682243,Bryce Miller,694738,Landen Roupp,3.71,1.04,0.818,4.31,1.3,0.8,0.472,0.413,-43,-73,0.4,0.7,4,4,0.5999999999999996,0.017999999999999905,0.059,30,0
824414,2026-07-17,114,Cleveland Guardians,134,Pittsburgh Pirates,668909,Gavin Williams,683003,Jared Jones,3.74,1.08,0.8,4.78,1.2,0.772,0.48,0.488,-26,31,0.6,0.4,4,4,1.04,0.028000000000000025,-0.008000000000000007,-57,0
824090,2026-07-17,118,Kansas City Royals,135,San Diego Padres,607625,Seth Lugo,650633,Michael King,4.71,1.38,0.815,3.38,1.17,0.788,0.422,0.531,-104,3,0.7,0.3,4,4,-1.33,0.026999999999999913,-0.10900000000000004,-107,1
824414,2026-07-18,114,Cleveland Guardians,134,Pittsburgh Pirates,668909,Gavin Williams,683003,Jared Jones,3.74,1.08,0.8,4.78,1.2,0.772,0.48,0.488,-26,31,0.6,0.4,4,4,1.04,0.028000000000000025,-0.008000000000000007,-57,0
824412,2026-07-18,114,Cleveland Guardians,134,Pittsburgh Pirates,671106,Logan Allen,682254,Mason Montgomery,3.24,1.92,0.8,3.4,1.13,0.772,0.48,0.488,-26,31,0.6,0.4,4,4,0.1599999999999997,0.028000000000000025,-0.008000000000000007,-57,1
824657,2026-07-18,112,Chicago Cubs,142,Minnesota Twins,571510,Matthew Boyd,671737,Taj Bradley,4.02,1.24,0.928,3.9,1.28,0.741,0.578,0.492,100,-41,0.4,0.4,4,4,-0.11999999999999966,0.18700000000000006,0.08599999999999997,141,1
823441,2026-07-18,143,Philadelphia Phillies,121,New York Mets,666200,Jesús Luzardo,640455,Sean Manaea,3.23,1.15,0.755,4.22,1.32,0.752,0.547,0.453,15,-42,0.6,0.3,4,4,0.9899999999999998,0.0030000000000000027,0.09400000000000003,57,1
822790,2026-07-18,141,Toronto Blue Jays,145,Chicago White Sox,669456,Shane Bieber,663436,Davis Martin,4.99,1.56,0.714,4.32,1.33,0.757,0.484,0.524,-53,47,0.7,0.6,4,4,-0.6699999999999999,-0.04300000000000004,-0.040000000000000036,-100,1
824331,2026-07-18,115,Colorado Rockies,113,Cincinnati Reds,608372,Tomoyuki Sugano,695076,Rhett Lowder,4.7,1.26,0.824,5.17,1.49,0.808,0.394,0.48,-122,-88,0.3,0.6,4,4,0.46999999999999975,0.015999999999999903,-0.08599999999999997,-34,1
824169,2026-07-18,117,Houston Astros,110,Baltimore Orioles,681293,Spencer Arrighetti,669432,Trevor Rogers,4.6,1.34,1.04,4.15,1.25,0.857,0.504,0.48,-31,-31,0.5,0.7,4,4,-0.4499999999999993,0.18300000000000005,0.02400000000000002,0,0
824088,2026-07-18,118,Kansas City Royals,135,San Diego Padres,677976,Randy Dobnak,656288,Griffin Canning,1.73,1.3,0.815,6.5,1.54,0.788,0.422,0.531,-104,3,0.7,0.3,4,4,4.77,0.026999999999999913,-0.10900000000000004,-107,1
824738,2026-07-18,111,Boston Red Sox,139,Tampa Bay Rays,663776,Patrick Sandoval,693855,Ian Seymour,4.76,1.85,0.927,4.11,1.13,0.702,0.535,0.603,95,49,0.7,0.8,4,4,-0.6499999999999995,0.2250000000000001,-0.06799999999999995,46,1
824899,2026-07-18,144,Atlanta Braves,140,Texas Rangers,702566,Owen Murphy,669022,MacKenzie Gore,4.05,1.2,0.804,4.45,1.26,0.802,0.583,0.488,110,-48,0.6,0.4,4,4,0.40000000000000036,0.0020000000000000018,0.09499999999999997,158,0
823763,2026-07-18,158,Milwaukee Brewers,146,Miami Marlins,675660,Shane Drohan,676974,Max Meyer,3.86,1.25,0.81,2.68,1.14,0.793,0.614,0.5,156,14,0.6,0.3,4,4,-1.1799999999999997,0.017000000000000015,0.11399999999999999,142,1
823116,2026-07-18,136,Seattle Mariners,137,San Francisco Giants,693433,Bryan Woo,657277,Logan Webb,4.1,1.08,0.818,3.5,1.06,0.8,0.472,0.413,-43,-73,0.4,0.7,4,4,-0.5999999999999996,0.017999999999999905,0.059,30,1
824979,2026-07-18,133,Athletics,120,Washington Nationals,669372,J.T. Ginn,641793,Zack Littell,3.53,1.22,0.829,5.07,1.37,0.884,0.386,0.477,-181,19,0.5,0.3,4,4,1.5400000000000005,-0.05500000000000005,-0.09099999999999997,-200,1
824008,2026-07-18,108,Los Angeles Angels,116,Detroit Tigers,680570,Grayson Rodriguez,669373,Tarik Skubal,7.17,1.59,0.743,2.85,0.96,0.808,0.394,0.48,-85,82,0.6,0.6,4,4,-4.32,-0.06500000000000006,-0.08599999999999997,-167,0
823523,2026-07-18,147,New York Yankees,119,Los Angeles Dodgers,693645,Cam Schlittler,808967,Yoshinobu Yamamoto,2.19,0.94,0.77,2.6,0.89,0.844,0.563,0.602,89,145,0.5,0.6,4,4,0.41000000000000014,-0.07399999999999995,-0.039000000000000035,-56,0
825059,2026-07-18,109,Arizona Diamondbacks,138,St. Louis Cardinals,694297,Brandon Pfaadt,669160,Dustin May,3.39,1.14,0.855,4.57,1.3,0.845,0.523,0.508,4,9,0.5,0.5,4,4,1.1800000000000002,0.010000000000000009,0.015000000000000013,-5,1
824411,2026-07-19,114,Cleveland Guardians,134,Pittsburgh Pirates,676282,Joey Cantillo,694973,Paul Skenes,3.8,1.44,0.8,3.95,1.14,0.772,0.48,0.488,-26,31,0.6,0.4,4,4,0.15000000000000036,0.028000000000000025,-0.008000000000000007,-57,0
823523,2026-07-19,147,New York Yankees,119,Los Angeles Dodgers,693645,Cam Schlittler,808967,Yoshinobu Yamamoto,2.19,0.94,0.77,2.6,0.89,0.844,0.563,0.602,89,145,0.5,0.6,4,4,0.41000000000000014,-0.07399999999999995,-0.039000000000000035,-56,0
824739,2026-07-19,111,Boston Red Sox,139,Tampa Bay Rays,543243,Sonny Gray,663556,Shane McClanahan,2.65,1.15,0.927,3.25,1.12,0.702,0.535,0.603,95,49,0.7,0.8,4,4,0.6000000000000001,0.2250000000000001,-0.06799999999999995,46,1
823439,2026-07-19,143,Philadelphia Phillies,121,New York Mets,660604,Alan Rangel,690997,Nolan McLean,5.88,1.69,0.755,3.34,1.16,0.752,0.547,0.453,15,-42,0.6,0.3,4,4,-2.54,0.0030000000000000027,0.09400000000000003,57,0
824897,2026-07-19,144,Atlanta Braves,140,Texas Rangers,656550,Grant Holmes,543135,Nathan Eovaldi,3.82,1.35,0.804,4.21,1.21,0.802,0.583,0.488,110,-48,0.6,0.4,4,4,0.3900000000000001,0.0020000000000000018,0.09499999999999997,158,1
824168,2026-07-19,117,Houston Astros,110,Baltimore Orioles,686613,Hunter Brown,687064,Brandon Young,3.67,1.3,1.04,3.52,1.35,0.857,0.504,0.48,-31,-31,0.5,0.7,4,4,-0.1499999999999999,0.18300000000000005,0.02400000000000002,0,0
822786,2026-07-19,141,Toronto Blue Jays,145,Chicago White Sox,702056,Trey Yesavage,680732,Sean Burke,3.65,1.14,0.714,3.15,1.11,0.757,0.484,0.524,-53,47,0.7,0.6,4,4,-0.5,-0.04300000000000004,-0.040000000000000036,-100,0
823764,2026-07-19,158,Milwaukee Brewers,146,Miami Marlins,688107,Robert Gasser,691587,Eury Pérez,4.54,1.24,0.81,3.23,1.11,0.793,0.614,0.5,156,14,0.6,0.3,4,4,-1.31,0.017000000000000015,0.11399999999999999,142,1
824086,2026-07-19,118,Kansas City Royals,135,San Diego Padres,702070,Noah Cameron,608566,Germán Márquez,4.16,1.22,0.815,5.26,1.49,0.788,0.422,0.531,-104,3,0.7,0.3,4,4,1.0999999999999996,0.026999999999999913,-0.10900000000000004,-107,0
825057,2026-07-19,109,Arizona Diamondbacks,138,St. Louis Cardinals,593958,Eduardo Rodriguez,669467,Andre Pallante,2.71,1.21,0.855,3.57,1.24,0.845,0.523,0.508,4,9,0.5,0.5,4,4,0.8599999999999999,0.010000000000000009,0.015000000000000013,-5,1
823113,2026-07-19,136,Seattle Mariners,137,San Francisco Giants,669302,Logan Gilbert,592662,Robbie Ray,3.35,1.01,0.818,3.2,1.31,0.8,0.472,0.413,-43,-73,0.4,0.7,4,4,-0.1499999999999999,0.017999999999999905,0.059,30,1
823521,2026-07-19,147,New York Yankees,119,Los Angeles Dodgers,642232,Ryan Yarbrough,694361,Will Klein,3.57,1.26,0.77,3.67,1.56,0.844,0.563,0.602,89,145,0.5,0.6,4,4,0.10000000000000009,-0.07399999999999995,-0.039000000000000035,-56,1
824653,2026-07-19,112,Chicago Cubs,142,Minnesota Twins,684007,Shota Imanaga,805673,Zebby Matthews,3.77,1.09,0.928,5.12,1.33,0.741,0.578,0.492,100,-41,0.4,0.4,4,4,1.35,0.18700000000000006,0.08599999999999997,141,1
824978,2026-07-19,133,Athletics,120,Washington Nationals,682052,Jacob Lopez,656492,Foster Griffin,5.22,1.53,0.829,3.18,1.11,0.884,0.386,0.477,-181,19,0.5,0.3,4,4,-2.0399999999999996,-0.05500000000000005,-0.09099999999999997,-200,0
824330,2026-07-19,115,Colorado Rockies,113,Cincinnati Reds,663372,Ryan Feltner,668881,Hunter Greene,5.97,1.53,0.824,6.83,1.37,0.808,0.394,0.48,-122,-88,0.3,0.6,4,4,0.8600000000000003,0.015999999999999903,-0.08599999999999997,-34,0
824007,2026-07-19,108,Los Angeles Angels,116,Detroit Tigers,696270,Ryan Johnson,663554,Casey Mize,6.41,1.54,0.743,3.18,1.07,0.808,0.394,0.48,-85,82,0.6,0.6,4,4,-3.23,-0.06500000000000006,-0.08599999999999997,-167,1
824410,2026-07-20,114,Cleveland Guardians,142,Minnesota Twins,676440,Tanner Bibee,657746,Joe Ryan,4.01,1.15,0.8,3.65,1.14,0.741,0.48,0.492,-26,-41,0.6,0.4,4,4,-0.3599999999999999,0.05900000000000005,-0.01200000000000001,15,1
823522,2026-07-20,147,New York Yankees,134,Pittsburgh Pirates,677960,Ryan Weathers,677952,Braxton Ashcraft,3.56,1.19,0.77,3.68,1.08,0.772,0.563,0.488,89,31,0.5,0.4,4,4,0.1200000000000001,-0.0020000000000000018,0.07499999999999996,58,1
822788,2026-07-20,141,Toronto Blue Jays,139,Tampa Bay Rays,656302,Dylan Cease,607259,Nick Martinez,2.42,1.06,0.714,3.05,1.14,0.702,0.484,0.603,-53,49,0.7,0.8,4,4,0.6299999999999999,0.01200000000000001,-0.119,-102,0
824736,2026-07-20,111,Boston Red Sox,110,Baltimore Orioles,801139,Payton Tolle,669358,Shane Baz,3.08,1.08,0.927,4.02,1.35,0.857,0.535,0.48,95,-31,0.7,0.7,4,4,0.9399999999999995,0.07000000000000006,0.05500000000000005,126,1
823436,2026-07-20,143,Philadelphia Phillies,119,Los Angeles Dodgers,650911,Cristopher Sánchez,686218,Emmet Sheehan,2.51,1.22,0.755,5.29,1.29,0.844,0.547,0.602,15,145,0.6,0.6,4,4,2.7800000000000002,-0.08899999999999997,-0.05499999999999994,-130,1
824087,2026-07-20,118,Kansas City Royals,137,San Francisco Giants,608379,Michael Wacha,686790,Trevor McDonald,3.58,1.15,0.815,5.12,1.31,0.8,0.422,0.413,-104,-73,0.7,0.7,4,4,1.54,0.014999999999999902,0.009000000000000008,-31,1
824898,2026-07-20,144,Atlanta Braves,135,San Diego Padres,693821,Bryce Elder,676664,JP Sears,3.92,1.23,0.804,4.68,1.35,0.788,0.583,0.531,110,3,0.6,0.3,4,4,0.7599999999999998,0.016000000000000014,0.051999999999999935,107,1
824654,2026-07-20,112,Chicago Cubs,116,Detroit Tigers,592791,Jameson Taillon,656427,Jack Flaherty,5.68,1.37,0.928,4.59,1.41,0.808,0.578,0.48,100,82,0.4,0.6,4,4,-1.0899999999999999,0.12,0.09799999999999998,18,0
822874,2026-07-20,140,Texas Rangers,145,Chicago White Sox,594798,Jacob deGrom,607200,Erick Fedde,3.95,1.17,0.802,4.33,1.4,0.757,0.488,0.524,-48,47,0.6,0.6,4,4,0.3799999999999999,0.04500000000000004,-0.03600000000000003,-95,0
824167,2026-07-20,117,Houston Astros,146,Miami Marlins,669854,Ronel Blanco,676083,Janson Junk,7.71,1.46,1.04,4.37,1.36,0.793,0.504,0.5,-31,14,0.5,0.3,4,4,-3.34,0.247,0.0040000000000000036,-45,1
824328,2026-07-20,115,Colorado Rockies,120,Washington Nationals,607536,Kyle Freeland,674841,Andrew Alvarez,6.37,1.46,0.824,3.72,1.33,0.884,0.394,0.477,-122,19,0.3,0.3,4,4,-2.65,-0.06000000000000005,-0.08299999999999996,-141,0
825058,2026-07-20,109,Arizona Diamondbacks,133,Athletics,683352,Mitch Bratt,605488,Jeffrey Springs,4.17,1.47,0.855,6.02,1.48,0.829,0.523,0.386,4,-181,0.5,0.5,4,4,1.8499999999999996,0.026000000000000023,0.137,185,0
823112,2026-07-20,136,Seattle Mariners,113,Cincinnati Reds,669923,George Kirby,671096,Andrew Abbott,3.89,1.31,0.818,4.07,1.4,0.808,0.472,0.48,-43,-88,0.4,0.6,4,4,0.18000000000000016,0.009999999999999898,-0.008000000000000007,45,1
824006,2026-07-20,108,Los Angeles Angels,138,St. Louis Cardinals,667755,José Soriano,681517,Kyle Leahy,3.23,1.26,0.743,3.24,1.31,0.845,0.394,0.508,-85,9,0.6,0.5,4,4,0.010000000000000231,-0.10199999999999998,-0.11399999999999999,-94,1
823762,2026-07-20,158,Milwaukee Brewers,121,New York Mets,694819,Jacob Misiorowski,642547,Freddy Peralta,1.75,0.75,0.81,5.27,1.48,0.752,0.614,0.453,156,-42,0.6,0.3,4,4,3.5199999999999996,0.05800000000000005,0.16099999999999998,198,1
824085,2026-07-21,118,Kansas City Royals,137,San Francisco Giants,679883,Luinder Avila,641816,Tyler Mahle,5.53,1.61,0.815,4.53,1.31,0.8,0.422,0.413,-104,-73,0.7,0.7,4,4,-1.0,0.014999999999999902,0.009000000000000008,-31,1
824895,2026-07-21,144,Atlanta Braves,135,San Diego Padres,625643,Reynaldo López,621111,Walker Buehler,3.64,1.34,0.804,4.79,1.39,0.788,0.583,0.531,110,3,0.6,0.3,4,4,1.15,0.016000000000000014,0.051999999999999935,107,0
822787,2026-07-21,141,Toronto Blue Jays,139,Tampa Bay Rays,592332,Kevin Gausman,656876,Drew Rasmussen,4.58,1.3,0.714,3.01,0.95,0.702,0.484,0.603,-53,49,0.7,0.8,4,4,-1.5700000000000003,0.01200000000000001,-0.119,-102,0
824409,2026-07-21,114,Cleveland Guardians,142,Minnesota Twins,800048,Parker Messick,696070,Kendry Rojas,2.54,1.03,0.8,3.34,1.52,0.741,0.48,0.492,-26,-41,0.6,0.4,4,4,0.7999999999999998,0.05900000000000005,-0.01200000000000001,15,1
823760,2026-07-21,158,Milwaukee Brewers,121,New York Mets,687075,Brandon Sproat,804267,Zac Thornton,5.27,1.42,0.81,3.04,1.13,0.752,0.614,0.453,156,-42,0.6,0.3,4,4,-2.2299999999999995,0.05800000000000005,0.16099999999999998,198,0
823437,2026-07-21,143,Philadelphia Phillies,119,Los Angeles Dodgers,554430,Zack Wheeler,680736,Justin Wrobleski,2.92,1.01,0.755,3.56,1.1,0.844,0.547,0.602,15,145,0.6,0.6,4,4,0.6400000000000001,-0.08899999999999997,-0.05499999999999994,-130,0
824652,2026-07-21,112,Chicago Cubs,116,Detroit Tigers,656849,David Peterson,664285,Framber Valdez,5.29,1.53,0.928,4.35,1.4,0.808,0.578,0.48,100,82,0.4,0.6,4,4,-0.9400000000000004,0.12,0.09799999999999998,18,1
823114,2026-07-21,136,Seattle Mariners,113,Cincinnati Reds,622491,Luis Castillo,695505,Chase Burns,4.99,1.37,0.818,2.51,1.11,0.808,0.472,0.48,-43,-88,0.4,0.6,4,4,-2.4800000000000004,0.009999999999999898,-0.008000000000000007,45,0
824165,2026-07-21,117,Houston Astros,146,Miami Marlins,837227,Tatsuya Imai,663969,Tyler Phillips,5.29,1.47,1.04,3.67,1.37,0.793,0.504,0.5,-31,14,0.5,0.3,4,4,-1.62,0.247,0.0040000000000000036,-45,1
824329,2026-07-21,115,Colorado Rockies,120,Washington Nationals,547179,Michael Lorenzen,687223,Carson Palmquist,7.08,1.88,0.824,7.71,1.78,0.884,0.394,0.477,-122,19,0.3,0.3,4,4,0.6299999999999999,-0.06000000000000005,-0.08299999999999996,-141,1
824005,2026-07-21,108,Los Angeles Angels,138,St. Louis Cardinals,700712,Walbert Ureña,669461,Matthew Liberatore,2.8,1.24,0.743,5.04,1.44,0.845,0.394,0.508,-85,9,0.6,0.5,4,4,2.24,-0.10199999999999998,-0.11399999999999999,-94,1
825056,2026-07-21,109,Arizona Diamondbacks,133,Athletics,684442,Kohl Drake,678022,Jack Perkins,5.4,1.56,0.855,6.96,1.48,0.829,0.523,0.386,4,-181,0.5,0.5,4,4,1.5599999999999996,0.026000000000000023,0.137,185,1
823519,2026-07-21,147,New York Yankees,134,Pittsburgh Pirates,608331,Max Fried,696149,Bubba Chandler,2.81,1.0,0.77,4.23,1.37,0.772,0.563,0.488,89,31,0.5,0.4,4,4,1.4200000000000004,-0.0020000000000000018,0.07499999999999996,58,1
824735,2026-07-21,111,Boston Red Sox,110,Baltimore Orioles,687562,Jake Bennett,665152,Dean Kremer,3.46,1.07,0.927,5.4,1.18,0.857,0.535,0.48,95,-31,0.7,0.7,4,4,1.9400000000000004,0.07000000000000006,0.05500000000000005,126,1
822871,2026-07-21,140,Texas Rangers,145,Chicago White Sox,677958,Kumar Rocker,702273,Noah Schultz,4.46,1.4,0.802,6.06,1.42,0.757,0.488,0.524,-48,47,0.6,0.6,4,4,1.5999999999999996,0.04500000000000004,-0.03600000000000003,-95,1
824327,2026-07-22,115,Colorado Rockies,120,Washington Nationals,687312,Gabriel Hughes,676917,Cade Cavalli,6.69,1.38,0.824,3.22,1.22,0.884,0.394,0.477,-122,19,0.3,0.3,4,4,-3.47,-0.06000000000000005,-0.08299999999999996,-141,0
823518,2026-07-22,147,New York Yankees,134,Pittsburgh Pirates,543037,Gerrit Cole,656605,Mitch Keller,3.22,1.08,0.77,5.29,1.37,0.772,0.563,0.488,89,31,0.5,0.4,4,4,2.07,-0.0020000000000000018,0.07499999999999996,58,0
823519,2026-07-22,147,New York Yankees,134,Pittsburgh Pirates,608331,Max Fried,696149,Bubba Chandler,2.81,1.0,0.77,4.23,1.37,0.772,0.563,0.488,89,31,0.5,0.4,4,4,1.4200000000000004,-0.0020000000000000018,0.07499999999999996,58,1
824735,2026-07-22,111,Boston Red Sox,110,Baltimore Orioles,687562,Jake Bennett,665152,Dean Kremer,3.46,1.07,0.927,5.4,1.18,0.857,0.535,0.48,95,-31,0.7,0.7,4,4,1.9400000000000004,0.07000000000000006,0.05500000000000005,126,1
824732,2026-07-22,111,Boston Red Sox,110,Baltimore Orioles,700842,Eduardo Rivera,680694,Kyle Bradish,6.3,1.4,0.927,3.65,1.36,0.857,0.535,0.48,95,-31,0.7,0.7,4,4,-2.65,0.07000000000000006,0.05500000000000005,126,0
824083,2026-07-22,118,Kansas City Royals,137,San Francisco Giants,607625,Seth Lugo,694738,Landen Roupp,4.71,1.38,0.815,4.31,1.3,0.8,0.422,0.413,-104,-73,0.7,0.7,4,4,-0.40000000000000036,0.014999999999999902,0.009000000000000008,-31,1
823761,2026-07-22,158,Milwaukee Brewers,121,New York Mets,701656,Logan Henderson,681035,Christian Scott,2.7,0.87,0.81,3.51,1.29,0.752,0.614,0.453,156,-42,0.6,0.3,4,4,0.8099999999999996,0.05800000000000005,0.16099999999999998,198,1
825055,2026-07-22,109,Arizona Diamondbacks,133,Athletics,518876,Merrill Kelly,695611,Gage Jump,5.37,1.52,0.855,4.5,1.45,0.829,0.523,0.386,4,-181,0.5,0.5,4,4,-0.8700000000000001,0.026000000000000023,0.137,185,1
823438,2026-07-22,143,Philadelphia Phillies,119,Los Angeles Dodgers,605400,Aaron Nola,641778,Eric Lauer,5.12,1.42,0.755,4.79,1.25,0.844,0.547,0.602,15,145,0.6,0.6,4,4,-0.33000000000000007,-0.08899999999999997,-0.05499999999999994,-130,0
824004,2026-07-22,108,Los Angeles Angels,138,St. Louis Cardinals,672282,Reid Detmers,690928,Hunter Dobbins,3.78,1.06,0.743,3.42,1.3,0.845,0.394,0.508,-85,9,0.6,0.5,4,4,-0.3599999999999999,-0.10199999999999998,-0.11399999999999999,-94,0
824408,2026-07-22,114,Cleveland Guardians,142,Minnesota Twins,677944,Slade Cecconi,641927,Bailey Ober,5.07,1.5,0.8,4.62,1.25,0.741,0.48,0.492,-26,-41,0.6,0.4,4,4,-0.4500000000000002,0.05900000000000005,-0.01200000000000001,15,0
822784,2026-07-22,141,Toronto Blue Jays,139,Tampa Bay Rays,680755,Braydon Fisher,643377,Griffin Jax,3.52,1.23,0.714,3.63,1.21,0.702,0.484,0.603,-53,49,0.7,0.8,4,4,0.10999999999999988,0.01200000000000001,-0.119,-102,0
824896,2026-07-22,144,Atlanta Braves,135,San Diego Padres,527048,Martín Pérez,650633,Michael King,3.15,1.19,0.804,3.38,1.17,0.788,0.583,0.531,110,3,0.6,0.3,4,4,0.22999999999999998,0.016000000000000014,0.051999999999999935,107,1
822873,2026-07-22,140,Texas Rangers,145,Chicago White Sox,641302,Tyler Alexander,641743,Anthony Kay,3.29,1.3,0.802,4.01,1.34,0.757,0.488,0.524,-48,47,0.6,0.6,4,4,0.7199999999999998,0.04500000000000004,-0.03600000000000003,-95,0
824650,2026-07-22,112,Chicago Cubs,116,Detroit Tigers,607067,Colin Rea,672456,Keider Montero,4.58,1.36,0.928,3.3,1.0,0.808,0.578,0.48,100,82,0.4,0.6,4,4,-1.2800000000000002,0.12,0.09799999999999998,18,0
824166,2026-07-22,117,Houston Astros,146,Miami Marlins,663567,Peter Lambert,645261,Sandy Alcantara,3.11,1.15,1.04,3.46,1.18,0.793,0.504,0.5,-31,14,0.5,0.3,4,4,0.3500000000000001,0.247,0.0040000000000000036,-45,1
823110,2026-07-22,136,Seattle Mariners,113,Cincinnati Reds,676106,Emerson Hancock,663903,Brady Singer,3.3,1.11,0.818,4.66,1.44,0.808,0.472,0.48,-43,-88,0.4,0.6,4,4,1.3600000000000003,0.009999999999999898,-0.008000000000000007,45,0
824893,2026-07-23,144,Atlanta Braves,135,San Diego Padres,519242,Chris Sale,606996,Kyle Hart,2.16,1.02,0.804,4.03,1.09,0.788,0.583,0.531,110,3,0.6,0.3,4,4,1.87,0.016000000000000014,0.051999999999999935,107,1
824406,2026-07-23,114,Cleveland Guardians,142,Minnesota Twins,668909,Gavin Williams,671737,Taj Bradley,3.74,1.08,0.8,3.9,1.28,0.741,0.48,0.492,-26,-41,0.6,0.4,4,4,0.1599999999999997,0.05900000000000005,-0.01200000000000001,15,0
822785,2026-07-23,141,Toronto Blue Jays,139,Tampa Bay Rays,669456,Shane Bieber,668984,Casey Legumina,4.99,1.56,0.714,3.81,1.21,0.702,0.484,0.603,-53,49,0.7,0.8,4,4,-1.1800000000000002,0.01200000000000001,-0.119,-102,1
824247,2026-07-23,116,Detroit Tigers,118,Kansas City Royals,675512,Troy Melton,677976,Randy Dobnak,1.71,0.97,0.808,1.73,1.3,0.815,0.48,0.422,82,-104,0.4,0.3,4,4,0.020000000000000018,-0.006999999999999895,0.057999999999999996,186,1
823042,2026-07-23,138,St. Louis Cardinals,109,Arizona Diamondbacks,700241,Michael McGreevy,694297,Brandon Pfaadt,3.48,1.22,0.845,3.39,1.14,0.855,0.508,0.523,9,4,0.5,0.5,4,4,-0.08999999999999986,-0.010000000000000009,-0.015000000000000013,5,0
823759,2026-07-24,158,Milwaukee Brewers,115,Colorado Rockies,675660,Shane Drohan,608372,Tomoyuki Sugano,3.86,1.25,0.81,4.7,1.26,0.824,0.614,0.394,156,-122,0.6,0.7,4,4,0.8400000000000003,-0.013999999999999901,0.21999999999999997,278,0
824812,2026-07-24,110,Baltimore Orioles,144,Atlanta Braves,669432,Trevor Rogers,656550,Grant Holmes,4.15,1.25,0.857,3.82,1.35,0.804,0.48,0.583,-31,110,0.3,0.4,4,4,-0.3300000000000005,0.052999999999999936,-0.10299999999999998,-141,0
823352,2026-07-24,134,Pittsburgh Pirates,112,Chicago Cubs,683003,Jared Jones,571510,Matthew Boyd,4.78,1.2,0.772,4.02,1.24,0.928,0.488,0.578,31,100,0.6,0.6,4,4,-0.7600000000000007,-0.15600000000000003,-0.08999999999999997,-69,0
822707,2026-07-24,120,Washington Nationals,109,Arizona Diamondbacks,687223,Carson Palmquist,593958,Eduardo Rodriguez,7.71,1.78,0.884,2.71,1.21,0.855,0.477,0.523,19,4,0.7,0.5,4,4,-5.0,0.029000000000000026,-0.04600000000000004,15,0
823434,2026-07-24,143,Philadelphia Phillies,147,New York Yankees,666200,Jesús Luzardo,693645,Cam Schlittler,3.23,1.15,0.755,2.19,0.94,0.77,0.547,0.563,15,89,0.6,0.5,4,4,-1.04,-0.015000000000000013,-0.015999999999999903,-74,0
823601,2026-07-24,121,New York Mets,119,Los Angeles Dodgers,640455,Sean Manaea,808963,Roki Sasaki,4.22,1.32,0.752,4.42,1.3,0.844,0.453,0.602,-42,145,0.7,0.6,4,4,0.20000000000000018,-0.09199999999999997,-0.14899999999999997,-187,0
824248,2026-07-24,116,Detroit Tigers,118,Kansas City Royals,669373,Tarik Skubal,694360,Beck Way,2.85,0.96,0.808,3.86,1.59,0.815,0.48,0.422,82,-104,0.4,0.3,4,4,1.0099999999999998,-0.006999999999999895,0.057999999999999996,186,1
823843,2026-07-24,146,Miami Marlins,135,San Diego Padres,687473,Ryan Gusto,608566,Germán Márquez,4.7,1.32,0.793,5.26,1.49,0.788,0.5,0.531,14,3,0.7,0.3,4,4,0.5599999999999996,0.0050000000000000044,-0.031000000000000028,11,0
824733,2026-07-24,111,Boston Red Sox,141,Toronto Blue Jays,663776,Patrick Sandoval,702056,Trey Yesavage,4.76,1.85,0.927,3.65,1.14,0.714,0.535,0.484,95,-53,0.7,0.3,4,4,-1.1099999999999999,0.21300000000000008,0.051000000000000045,148,1
824573,2026-07-24,145,Chicago White Sox,117,Houston Astros,663436,Davis Martin,681293,Spencer Arrighetti,4.32,1.33,0.757,4.6,1.34,1.04,0.524,0.504,47,-31,0.4,0.5,4,4,0.27999999999999936,-0.28300000000000003,0.020000000000000018,78,0
822872,2026-07-24,140,Texas Rangers,136,Seattle Mariners,669022,MacKenzie Gore,682243,Bryce Miller,4.45,1.26,0.802,3.71,1.04,0.818,0.488,0.472,-48,-43,0.6,0.6,4,4,-0.7400000000000002,-0.015999999999999903,0.016000000000000014,-5,1
823680,2026-07-24,142,Minnesota Twins,133,Athletics,805673,Zebby Matthews,682052,Jacob Lopez,5.12,1.33,0.741,5.22,1.53,0.829,0.492,0.386,-41,-181,0.6,0.5,4,4,0.09999999999999964,-0.08799999999999997,0.10599999999999998,140,0
823031,2026-07-24,138,St. Louis Cardinals,113,Cincinnati Reds,669160,Dustin May,695076,Rhett Lowder,4.57,1.3,0.845,5.17,1.49,0.808,0.508,0.48,9,-88,0.5,0.6,4,4,0.5999999999999996,0.03699999999999992,0.028000000000000025,97,0
823196,2026-07-24,137,San Francisco Giants,108,Los Angeles Angels,657277,Logan Webb,680570,Grayson Rodriguez,3.5,1.06,0.8,7.17,1.59,0.743,0.413,0.394,-73,-85,0.3,0.4,4,4,3.67,0.05700000000000005,0.01899999999999996,12,1
822952,2026-07-24,139,Tampa Bay Rays,114,Cleveland Guardians,663556,Shane McClanahan,676282,Joey Cantillo,3.25,1.12,0.702,3.8,1.44,0.8,0.603,0.48,49,-26,0.2,0.4,4,4,0.5499999999999998,-0.09800000000000009,0.123,75,1
824244,2026-07-25,116,Detroit Tigers,118,Kansas City Royals,663554,Casey Mize,608379,Michael Wacha,3.18,1.07,0.808,3.58,1.15,0.815,0.48,0.422,82,-104,0.4,0.3,4,4,0.3999999999999999,-0.006999999999999895,0.057999999999999996,186,0
823435,2026-07-25,143,Philadelphia Phillies,147,New York Yankees,641835,Tim Mayza,677960,Ryan Weathers,3.51,1.07,0.755,3.56,1.19,0.77,0.547,0.563,15,89,0.6,0.5,4,4,0.050000000000000266,-0.015000000000000013,-0.015999999999999903,-74,0
822704,2026-07-25,120,Washington Nationals,109,Arizona Diamondbacks,656492,Foster Griffin,683352,Mitch Bratt,3.18,1.11,0.884,4.17,1.47,0.855,0.477,0.523,19,4,0.7,0.5,4,4,0.9899999999999998,0.029000000000000026,-0.04600000000000004,15,1
823197,2026-07-25,137,San Francisco Giants,108,Los Angeles Angels,592662,Robbie Ray,696270,Ryan Johnson,3.2,1.31,0.8,6.41,1.54,0.743,0.413,0.394,-73,-85,0.3,0.4,4,4,3.21,0.05700000000000005,0.01899999999999996,12,1
824734,2026-07-25,111,Boston Red Sox,141,Toronto Blue Jays,543243,Sonny Gray,656302,Dylan Cease,2.65,1.15,0.927,2.42,1.06,0.714,0.535,0.484,95,-53,0.7,0.3,4,4,-0.22999999999999998,0.21300000000000008,0.051000000000000045,148,0
823841,2026-07-25,146,Miami Marlins,135,San Diego Padres,691587,Eury Pérez,681190,Randy Vásquez,3.23,1.11,0.793,4.3,1.38,0.788,0.5,0.531,14,3,0.7,0.3,4,4,1.0699999999999998,0.0050000000000000044,-0.031000000000000028,11,0
822948,2026-07-25,139,Tampa Bay Rays,114,Cleveland Guardians,607259,Nick Martinez,676440,Tanner Bibee,3.05,1.14,0.702,4.01,1.15,0.8,0.603,0.48,49,-26,0.2,0.4,4,4,0.96,-0.09800000000000009,0.123,75,1
823027,2026-07-25,138,St. Louis Cardinals,113,Cincinnati Reds,669467,Andre Pallante,668881,Hunter Greene,3.57,1.24,0.845,6.83,1.37,0.808,0.508,0.48,9,-88,0.5,0.6,4,4,3.2600000000000002,0.03699999999999992,0.028000000000000025,97,1
824811,2026-07-25,110,Baltimore Orioles,144,Atlanta Braves,687064,Brandon Young,693821,Bryce Elder,3.52,1.35,0.857,3.92,1.23,0.804,0.48,0.583,-31,110,0.3,0.4,4,4,0.3999999999999999,0.052999999999999936,-0.10299999999999998,-141,1
823679,2026-07-25,142,Minnesota Twins,133,Athletics,696070,Kendry Rojas,669620,Brady Basso,3.34,1.52,0.741,3.91,1.35,0.829,0.492,0.386,-41,-181,0.6,0.5,4,4,0.5700000000000003,-0.08799999999999997,0.10599999999999998,140,1
824571,2026-07-25,145,Chicago White Sox,117,Houston Astros,680732,Sean Burke,686613,Hunter Brown,3.15,1.11,0.757,3.67,1.3,1.04,0.524,0.504,47,-31,0.4,0.5,4,4,0.52,-0.28300000000000003,0.020000000000000018,78,0
823758,2026-07-25,158,Milwaukee Brewers,115,Colorado Rockies,688107,Robert Gasser,663372,Ryan Feltner,4.54,1.24,0.81,5.97,1.53,0.824,0.614,0.394,156,-122,0.6,0.7,4,4,1.4299999999999997,-0.013999999999999901,0.21999999999999997,278,1
823600,2026-07-25,121,New York Mets,119,Los Angeles Dodgers,690997,Nolan McLean,808967,Yoshinobu Yamamoto,3.34,1.16,0.752,2.6,0.89,0.844,0.453,0.602,-42,145,0.7,0.6,4,4,-0.7399999999999998,-0.09199999999999997,-0.14899999999999997,-187,0
822869,2026-07-25,140,Texas Rangers,136,Seattle Mariners,543135,Nathan Eovaldi,693433,Bryan Woo,4.21,1.21,0.802,4.1,1.08,0.818,0.488,0.472,-48,-43,0.6,0.6,4,4,-0.11000000000000032,-0.015999999999999903,0.016000000000000014,-5,1
823355,2026-07-25,134,Pittsburgh Pirates,112,Chicago Cubs,694973,Paul Skenes,684007,Shota Imanaga,3.95,1.14,0.772,3.77,1.09,0.928,0.488,0.578,31,100,0.6,0.6,4,4,-0.18000000000000016,-0.15600000000000003,-0.08999999999999997,-69,0
822950,2026-07-26,139,Tampa Bay Rays,114,Cleveland Guardians,656876,Drew Rasmussen,800048,Parker Messick,3.01,0.95,0.702,2.54,1.03,0.8,0.603,0.48,49,-26,0.2,0.4,4,4,-0.46999999999999975,-0.09800000000000009,0.123,75,1
822706,2026-07-26,120,Washington Nationals,109,Arizona Diamondbacks,571945,Miles Mikolas,684442,Kohl Drake,5.82,1.38,0.884,5.4,1.56,0.855,0.477,0.523,19,4,0.7,0.5,4,4,-0.41999999999999993,0.029000000000000026,-0.04600000000000004,15,1
823354,2026-07-26,134,Pittsburgh Pirates,112,Chicago Cubs,677952,Braxton Ashcraft,592791,Jameson Taillon,3.68,1.08,0.772,5.68,1.37,0.928,0.488,0.578,31,100,0.6,0.6,4,4,1.9999999999999996,-0.15600000000000003,-0.08999999999999997,-69,1
824730,2026-07-26,111,Boston Red Sox,141,Toronto Blue Jays,624133,Ranger Suarez,592332,Kevin Gausman,3.41,1.18,0.927,4.58,1.3,0.714,0.535,0.484,95,-53,0.7,0.3,4,4,1.17,0.21300000000000008,0.051000000000000045,148,1
824810,2026-07-26,110,Baltimore Orioles,144,Atlanta Braves,669358,Shane Baz,625643,Reynaldo López,4.02,1.35,0.857,3.64,1.34,0.804,0.48,0.583,-31,110,0.3,0.4,4,4,-0.37999999999999945,0.052999999999999936,-0.10299999999999998,-141,0
824246,2026-07-26,116,Detroit Tigers,118,Kansas City Royals,664285,Framber Valdez,679883,Luinder Avila,4.35,1.4,0.808,5.53,1.61,0.815,0.48,0.422,82,-104,0.4,0.3,4,4,1.1800000000000006,-0.006999999999999895,0.057999999999999996,186,0
823599,2026-07-26,121,New York Mets,119,Los Angeles Dodgers,642547,Freddy Peralta,686218,Emmet Sheehan,5.27,1.48,0.752,5.29,1.29,0.844,0.453,0.602,-42,145,0.7,0.6,4,4,0.020000000000000462,-0.09199999999999997,-0.14899999999999997,-187,1
823840,2026-07-26,146,Miami Marlins,135,San Diego Padres,676083,Janson Junk,621111,Walker Buehler,4.37,1.36,0.793,4.79,1.39,0.788,0.5,0.531,14,3,0.7,0.3,4,4,0.41999999999999993,0.0050000000000000044,-0.031000000000000028,11,0
823678,2026-07-26,142,Minnesota Twins,133,Athletics,687570,Connor Prielipp,605488,Jeffrey Springs,5.34,1.38,0.741,6.02,1.48,0.829,0.492,0.386,-41,-181,0.6,0.5,4,4,0.6799999999999997,-0.08799999999999997,0.10599999999999998,140,1
824572,2026-07-26,145,Chicago White Sox,117,Houston Astros,607200,Erick Fedde,669854,Ronel Blanco,4.33,1.4,0.757,7.71,1.46,1.04,0.524,0.504,47,-31,0.4,0.5,4,4,3.38,-0.28300000000000003,0.020000000000000018,78,1
823755,2026-07-26,158,Milwaukee Brewers,115,Colorado Rockies,694819,Jacob Misiorowski,607536,Kyle Freeland,1.75,0.75,0.81,6.37,1.46,0.824,0.614,0.394,156,-122,0.6,0.7,4,4,4.62,-0.013999999999999901,0.21999999999999997,278,1
823028,2026-07-26,138,St. Louis Cardinals,113,Cincinnati Reds,681517,Kyle Leahy,671096,Andrew Abbott,3.24,1.31,0.845,4.07,1.4,0.808,0.508,0.48,9,-88,0.5,0.6,4,4,0.8300000000000001,0.03699999999999992,0.028000000000000025,97,0
822870,2026-07-26,140,Texas Rangers,136,Seattle Mariners,594798,Jacob deGrom,669302,Logan Gilbert,3.95,1.17,0.802,3.35,1.01,0.818,0.488,0.472,-48,-43,0.6,0.6,4,4,-0.6000000000000001,-0.015999999999999903,0.016000000000000014,-5,0
823194,2026-07-26,137,San Francisco Giants,108,Los Angeles Angels,687931,Carson Whisenhunt,667755,José Soriano,7.03,1.84,0.8,3.23,1.26,0.743,0.413,0.394,-73,-85,0.3,0.4,4,4,-3.8000000000000003,0.05700000000000005,0.01899999999999996,12,0
823433,2026-07-26,143,Philadelphia Phillies,147,New York Yankees,650911,Cristopher Sánchez,701542,Will Warren,2.51,1.22,0.755,4.43,1.4,0.77,0.547,0.563,15,89,0.6,0.5,4,4,1.92,-0.015000000000000013,-0.015999999999999903,-74,1
822868,2026-07-27,140,Texas Rangers,136,Seattle Mariners,677958,Kumar Rocker,669923,George Kirby,4.46,1.4,0.802,3.89,1.31,0.818,0.488,0.472,-48,-43,0.6,0.6,4,4,-0.5699999999999998,-0.015999999999999903,0.016000000000000014,-5,1
823353,2026-07-27,134,Pittsburgh Pirates,109,Arizona Diamondbacks,656605,Mitch Keller,518876,Merrill Kelly,5.29,1.37,0.772,5.37,1.52,0.855,0.488,0.523,31,4,0.6,0.5,4,4,0.08000000000000007,-0.08299999999999996,-0.03500000000000003,27,1
823839,2026-07-27,146,Miami Marlins,143,Philadelphia Phillies,663969,Tyler Phillips,554430,Zack Wheeler,3.67,1.37,0.793,2.92,1.01,0.755,0.5,0.547,14,15,0.7,0.4,4,4,-0.75,0.038000000000000034,-0.04700000000000004,-1,1
822705,2026-07-27,120,Washington Nationals,141,Toronto Blue Jays,678868,Eddy Yean,453286,Max Scherzer,1.8,0.7,0.884,7.4,1.51,0.714,0.477,0.484,19,-53,0.7,0.3,4,4,5.6000000000000005,0.17000000000000004,-0.007000000000000006,72,0
823597,2026-07-27,121,New York Mets,144,Atlanta Braves,804267,Zac Thornton,527048,Martín Pérez,3.04,1.13,0.752,3.15,1.19,0.804,0.453,0.583,-42,110,0.7,0.4,4,4,0.10999999999999988,-0.052000000000000046,-0.12999999999999995,-152,1
824245,2026-07-27,116,Detroit Tigers,110,Baltimore Orioles,672456,Keider Montero,680694,Kyle Bradish,3.3,1.0,0.808,3.65,1.36,0.857,0.48,0.48,82,-31,0.4,0.7,4,4,0.3500000000000001,-0.04899999999999993,0.0,113,0
823025,2026-07-27,138,St. Louis Cardinals,112,Chicago Cubs,669461,Matthew Liberatore,656849,David Peterson,5.04,1.44,0.845,5.29,1.53,0.928,0.508,0.578,9,100,0.5,0.6,4,4,0.25,-0.08300000000000007,-0.06999999999999995,-91,0
824001,2026-07-27,108,Los Angeles Angels,117,Houston Astros,700712,Walbert Ureña,837227,Tatsuya Imai,2.8,1.24,0.743,5.29,1.47,1.04,0.394,0.504,-85,-31,0.6,0.5,4,4,2.49,-0.29700000000000004,-0.10999999999999999,-54,0
824977,2026-07-27,133,Athletics,111,Boston Red Sox,678022,Jack Perkins,801139,Payton Tolle,6.96,1.48,0.829,3.08,1.08,0.927,0.386,0.535,-181,95,0.5,0.3,4,4,-3.88,-0.09800000000000009,-0.14900000000000002,-276,0
823195,2026-07-27,137,San Francisco Giants,158,Milwaukee Brewers,641816,Tyler Mahle,687075,Brandon Sproat,4.53,1.31,0.8,5.27,1.42,0.81,0.413,0.614,-73,156,0.3,0.4,4,4,0.7399999999999993,-0.010000000000000009,-0.201,-229,1
824490,2026-07-27,113,Cincinnati Reds,114,Cleveland Guardians,695505,Chase Burns,677944,Slade Cecconi,2.51,1.11,0.808,5.07,1.5,0.8,0.48,0.48,-88,-26,0.4,0.4,4,4,2.5600000000000005,0.008000000000000007,0.0,-62,0
824570,2026-07-27,145,Chicago White Sox,147,New York Yankees,702273,Noah Schultz,608331,Max Fried,6.06,1.42,0.757,2.81,1.0,0.77,0.524,0.563,47,89,0.4,0.5,4,4,-3.2499999999999996,-0.013000000000000012,-0.038999999999999924,-42,0
824490,2026-07-28,113,Cincinnati Reds,114,Cleveland Guardians,695505,Chase Burns,677944,Slade Cecconi,2.51,1.11,0.808,5.07,1.5,0.8,0.48,0.48,-88,-26,0.4,0.4,4,4,2.5600000000000005,0.008000000000000007,0.0,-62,0
824489,2026-07-28,113,Cincinnati Reds,114,Cleveland Guardians,657571,Caleb Ferguson,668909,Gavin Williams,4.08,1.64,0.808,3.74,1.08,0.8,0.48,0.48,-88,-26,0.4,0.4,4,4,-0.33999999999999986,0.008000000000000007,0.0,-62,1
824243,2026-07-28,116,Detroit Tigers,110,Baltimore Orioles,675512,Troy Melton,665152,Dean Kremer,1.71,0.97,0.808,5.4,1.18,0.857,0.48,0.48,82,-31,0.4,0.7,4,4,3.6900000000000004,-0.04899999999999993,0.0,113,1
822949,2026-07-28,139,Tampa Bay Rays,140,Texas Rangers,643377,Griffin Jax,615698,Cal Quantrill,3.63,1.21,0.702,3.13,1.15,0.802,0.603,0.488,49,-48,0.2,0.4,4,4,-0.5,-0.10000000000000009,0.11499999999999999,97,0
823838,2026-07-28,146,Miami Marlins,143,Philadelphia Phillies,645261,Sandy Alcantara,605400,Aaron Nola,3.46,1.18,0.793,5.12,1.42,0.755,0.5,0.547,14,15,0.7,0.4,4,4,1.6600000000000001,0.038000000000000034,-0.04700000000000004,-1,1
822703,2026-07-28,120,Washington Nationals,141,Toronto Blue Jays,676917,Cade Cavalli,669456,Shane Bieber,3.22,1.22,0.884,4.99,1.56,0.714,0.477,0.484,19,-53,0.7,0.3,4,4,1.77,0.17000000000000004,-0.007000000000000006,72,1
823676,2026-07-28,142,Minnesota Twins,118,Kansas City Royals,671737,Taj Bradley,607625,Seth Lugo,3.9,1.28,0.741,4.71,1.38,0.815,0.492,0.422,-41,-104,0.6,0.3,4,4,0.81,-0.07399999999999995,0.07,63,1
823350,2026-07-28,134,Pittsburgh Pirates,109,Arizona Diamondbacks,696149,Bubba Chandler,694297,Brandon Pfaadt,4.23,1.37,0.772,3.39,1.14,0.855,0.488,0.523,31,4,0.6,0.5,4,4,-0.8400000000000003,-0.08299999999999996,-0.03500000000000003,27,0
823026,2026-07-28,138,St. Louis Cardinals,112,Chicago Cubs,700241,Michael McGreevy,607067,Colin Rea,3.48,1.22,0.845,4.58,1.36,0.928,0.508,0.578,9,100,0.5,0.6,4,4,1.1,-0.08300000000000007,-0.06999999999999995,-91,0
824003,2026-07-28,108,Los Angeles Angels,117,Houston Astros,672282,Reid Detmers,663567,Peter Lambert,3.78,1.06,0.743,3.11,1.15,1.04,0.394,0.504,-85,-31,0.6,0.5,4,4,-0.6699999999999999,-0.29700000000000004,-0.10999999999999999,-54,0
824976,2026-07-28,133,Athletics,111,Boston Red Sox,695611,Gage Jump,687562,Jake Bennett,4.5,1.45,0.829,3.46,1.07,0.927,0.386,0.535,-181,95,0.5,0.3,4,4,-1.04,-0.09800000000000009,-0.14900000000000002,-276,1
823275,2026-07-28,135,San Diego Padres,115,Colorado Rockies,650633,Michael King,547179,Michael Lorenzen,3.38,1.17,0.788,7.08,1.88,0.824,0.531,0.394,3,-122,0.7,0.7,4,4,3.7,-0.03599999999999992,0.137,125,1
823193,2026-07-28,137,San Francisco Giants,158,Milwaukee Brewers,694738,Landen Roupp,701656,Logan Henderson,4.31,1.3,0.8,2.7,0.87,0.81,0.413,0.614,-73,156,0.3,0.4,4,4,-1.6099999999999994,-0.010000000000000009,-0.201,-229,0
823923,2026-07-28,119,Los Angeles Dodgers,136,Seattle Mariners,680736,Justin Wrobleski,622491,Luis Castillo,3.56,1.1,0.844,4.99,1.37,0.818,0.602,0.472,145,-43,0.4,0.6,4,4,1.4300000000000002,0.026000000000000023,0.13,188,0
823598,2026-07-28,121,New York Mets,144,Atlanta Braves,681035,Christian Scott,519242,Chris Sale,3.51,1.29,0.752,2.16,1.02,0.804,0.453,0.583,-42,110,0.7,0.4,4,4,-1.3499999999999996,-0.052000000000000046,-0.12999999999999995,-152,0
824569,2026-07-28,145,Chicago White Sox,147,New York Yankees,641743,Anthony Kay,543037,Gerrit Cole,4.01,1.34,0.757,3.22,1.08,0.77,0.524,0.563,47,89,0.4,0.5,4,4,-0.7899999999999996,-0.013000000000000012,-0.038999999999999924,-42,0
824242,2026-07-29,116,Detroit Tigers,110,Baltimore Orioles,669373,Tarik Skubal,669432,Trevor Rogers,2.85,0.96,0.808,4.15,1.25,0.857,0.48,0.48,82,-31,0.4,0.7,4,4,1.3000000000000003,-0.04899999999999993,0.0,113,0
823596,2026-07-29,121,New York Mets,144,Atlanta Braves,640455,Sean Manaea,700363,AJ Smith-Shawver,4.22,1.32,0.752,6.23,1.62,0.804,0.453,0.583,-42,110,0.7,0.4,4,4,2.0100000000000007,-0.052000000000000046,-0.12999999999999995,-152,1
823598,2026-07-29,121,New York Mets,144,Atlanta Braves,681035,Christian Scott,519242,Chris Sale,3.51,1.29,0.752,2.16,1.02,0.804,0.453,0.583,-42,110,0.7,0.4,4,4,-1.3499999999999996,-0.052000000000000046,-0.12999999999999995,-152,0
823192,2026-07-29,137,San Francisco Giants,158,Milwaukee Brewers,657277,Logan Webb,623381,Thomas Pannone,3.5,1.06,0.8,6.0,1.67,0.81,0.413,0.614,-73,156,0.3,0.4,4,4,2.5,-0.010000000000000009,-0.201,-229,1
823273,2026-07-29,135,San Diego Padres,115,Colorado Rockies,606996,Kyle Hart,687312,Gabriel Hughes,4.03,1.09,0.788,6.69,1.38,0.824,0.531,0.394,3,-122,0.7,0.7,4,4,2.66,-0.03599999999999992,0.137,125,1
822947,2026-07-29,139,Tampa Bay Rays,140,Texas Rangers,668984,Casey Legumina,669022,MacKenzie Gore,3.81,1.21,0.702,4.45,1.26,0.802,0.603,0.488,49,-48,0.2,0.4,4,4,0.6400000000000001,-0.10000000000000009,0.11499999999999999,97,1
823022,2026-07-29,138,St. Louis Cardinals,112,Chicago Cubs,669160,Dustin May,571510,Matthew Boyd,4.57,1.3,0.845,4.02,1.24,0.928,0.508,0.578,9,100,0.5,0.6,4,4,-0.5500000000000007,-0.08300000000000007,-0.06999999999999995,-91,1
823677,2026-07-29,142,Minnesota Twins,118,Kansas City Royals,657746,Joe Ryan,677976,Randy Dobnak,3.65,1.14,0.741,1.73,1.3,0.815,0.492,0.422,-41,-104,0.6,0.3,4,4,-1.92,-0.07399999999999995,0.07,63,0
824567,2026-07-29,145,Chicago White Sox,147,New York Yankees,663436,Davis Martin,693645,Cam Schlittler,4.32,1.33,0.757,2.19,0.94,0.77,0.524,0.563,47,89,0.4,0.5,4,4,-2.1300000000000003,-0.013000000000000012,-0.038999999999999924,-42,1
824002,2026-07-29,108,Los Angeles Angels,117,Houston Astros,680570,Grayson Rodriguez,669713,Hayden Wesneski,7.17,1.59,0.743,5.16,1.32,1.04,0.394,0.504,-85,-31,0.6,0.5,4,4,-2.01,-0.29700000000000004,-0.10999999999999999,-54,0
824973,2026-07-29,133,Athletics,111,Boston Red Sox,682052,Jacob Lopez,663776,Patrick Sandoval,5.22,1.53,0.829,4.76,1.85,0.927,0.386,0.535,-181,95,0.5,0.3,4,4,-0.45999999999999996,-0.09800000000000009,-0.14900000000000002,-276,0
823924,2026-07-29,119,Los Angeles Dodgers,136,Seattle Mariners,641778,Eric Lauer,676106,Emerson Hancock,4.79,1.25,0.844,3.3,1.11,0.818,0.602,0.472,145,-43,0.4,0.6,4,4,-1.4900000000000002,0.026000000000000023,0.13,188,1
824487,2026-07-29,113,Cincinnati Reds,114,Cleveland Guardians,663903,Brady Singer,676282,Joey Cantillo,4.66,1.44,0.808,3.8,1.44,0.8,0.48,0.48,-88,-26,0.4,0.4,4,4,-0.8600000000000003,0.008000000000000007,0.0,-62,0
822702,2026-07-29,120,Washington Nationals,141,Toronto Blue Jays,641793,Zack Littell,702056,Trey Yesavage,5.07,1.37,0.884,3.65,1.14,0.714,0.477,0.484,19,-53,0.7,0.3,4,4,-1.4200000000000004,0.17000000000000004,-0.007000000000000006,72,0
823351,2026-07-29,134,Pittsburgh Pirates,109,Arizona Diamondbacks,683003,Jared Jones,593958,Eduardo Rodriguez,4.78,1.2,0.772,2.71,1.21,0.855,0.488,0.523,31,4,0.6,0.5,4,4,-2.0700000000000003,-0.08299999999999996,-0.03500000000000003,27,0
823837,2026-07-29,146,Miami Marlins,143,Philadelphia Phillies,687473,Ryan Gusto,666200,Jesús Luzardo,4.7,1.32,0.793,3.23,1.15,0.755,0.5,0.547,14,15,0.7,0.4,4,4,-1.4700000000000002,0.038000000000000034,-0.04700000000000004,-1,1
822946,2026-07-30,139,Tampa Bay Rays,140,Texas Rangers,663556,Shane McClanahan,668390,Cole Winn,3.25,1.12,0.702,5.93,1.48,0.802,0.603,0.488,49,-48,0.2,0.4,4,4,2.6799999999999997,-0.10000000000000009,0.11499999999999999,97,1
823674,2026-07-30,142,Minnesota Twins,118,Kansas City Royals,641927,Bailey Ober,702070,Noah Cameron,4.62,1.25,0.741,4.16,1.22,0.815,0.492,0.422,-41,-104,0.6,0.3,4,4,-0.45999999999999996,-0.07399999999999995,0.07,63,1
824568,2026-07-30,145,Chicago White Sox,147,New York Yankees,680732,Sean Burke,677960,Ryan Weathers,3.15,1.11,0.757,3.56,1.19,0.77,0.524,0.563,47,89,0.4,0.5,4,4,0.41000000000000014,-0.013000000000000012,-0.038999999999999924,-42,1
823023,2026-07-30,138,St. Louis Cardinals,112,Chicago Cubs,669467,Andre Pallante,665871,Javier Assad,3.57,1.24,0.845,3.46,1.1,0.928,0.508,0.578,9,100,0.5,0.6,4,4,-0.10999999999999988,-0.08300000000000007,-0.06999999999999995,-91,0
823921,2026-07-30,119,Los Angeles Dodgers,136,Seattle Mariners,808963,Roki Sasaki,693433,Bryan Woo,4.42,1.3,0.844,4.1,1.08,0.818,0.602,0.472,145,-43,0.4,0.6,4,4,-0.3200000000000003,0.026000000000000023,0.13,188,1
823595,2026-07-30,121,New York Mets,146,Miami Marlins,690997,Nolan McLean,691587,Eury Pérez,3.34,1.16,0.752,3.23,1.11,0.793,0.453,0.5,-42,14,0.7,0.3,4,4,-0.10999999999999988,-0.041000000000000036,-0.046999999999999986,-56,1
824894,2026-07-30,144,Atlanta Braves,120,Washington Nationals,656550,Grant Holmes,663623,Jake Irvin,3.82,1.35,0.804,5.8,1.36,0.884,0.583,0.477,110,19,0.6,0.3,4,4,1.98,-0.07999999999999996,0.10599999999999998,91,1
824974,2026-07-30,133,Athletics,111,Boston Red Sox,686930,Mason Barnett,543243,Sonny Gray,7.08,1.62,0.829,2.65,1.15,0.927,0.386,0.535,-181,95,0.5,0.3,4,4,-4.43,-0.09800000000000009,-0.14900000000000002,-276,0
823271,2026-07-30,135,San Diego Padres,137,San Francisco Giants,676664,JP Sears,592662,Robbie Ray,4.68,1.35,0.788,3.2,1.31,0.8,0.531,0.413,3,-73,0.7,0.7,4,4,-1.4799999999999995,-0.01200000000000001,0.11800000000000005,76,0
824488,2026-07-30,113,Cincinnati Reds,134,Pittsburgh Pirates,695076,Rhett Lowder,670990,Yohan Ramírez,5.17,1.49,0.808,3.03,1.3,0.772,0.48,0.488,-88,31,0.4,0.4,4,4,-2.14,0.03600000000000003,-0.008000000000000007,-119,1
824651,2026-07-31,112,Chicago Cubs,147,New York Yankees,684007,Shota Imanaga,701542,Will Warren,3.77,1.09,0.928,4.43,1.4,0.77,0.578,0.563,100,89,0.4,0.5,4,4,0.6599999999999997,0.15800000000000003,0.015000000000000013,11,0
824486,2026-07-31,113,Cincinnati Reds,134,Pittsburgh Pirates,668881,Hunter Greene,694973,Paul Skenes,6.83,1.37,0.808,3.95,1.14,0.772,0.48,0.488,-88,31,0.4,0.4,4,4,-2.88,0.03600000000000003,-0.008000000000000007,-119,1
824809,2026-07-31,110,Baltimore Orioles,143,Philadelphia Phillies,687064,Brandon Young,691725,Andrew Painter,3.52,1.35,0.857,6.43,1.55,0.755,0.48,0.547,-31,15,0.3,0.4,4,4,2.9099999999999997,0.10199999999999998,-0.06700000000000006,-46,1
822782,2026-07-31,141,Toronto Blue Jays,138,St. Louis Cardinals,656302,Dylan Cease,681517,Kyle Leahy,2.42,1.06,0.714,3.24,1.31,0.845,0.484,0.508,-53,9,0.7,0.5,4,4,0.8200000000000003,-0.131,-0.02400000000000002,-62,1
824407,2026-07-31,114,Cleveland Guardians,109,Arizona Diamondbacks,676440,Tanner Bibee,683352,Mitch Bratt,4.01,1.15,0.8,4.17,1.47,0.855,0.48,0.523,-26,4,0.6,0.5,4,4,0.16000000000000014,-0.05499999999999994,-0.04300000000000004,-30,0
822945,2026-07-31,139,Tampa Bay Rays,145,Chicago White Sox,607259,Nick Martinez,607200,Erick Fedde,3.05,1.14,0.702,4.33,1.4,0.757,0.603,0.524,49,47,0.2,0.6,4,4,1.2800000000000002,-0.05500000000000005,0.07899999999999996,2,0
823593,2026-07-31,121,New York Mets,146,Miami Marlins,673540,Kodai Senga,676083,Janson Junk,7.82,1.68,0.752,4.37,1.36,0.793,0.453,0.5,-42,14,0.7,0.3,4,4,-3.45,-0.041000000000000036,-0.046999999999999986,-56,0
824164,2026-07-31,117,Houston Astros,140,Texas Rangers,686613,Hunter Brown,543135,Nathan Eovaldi,3.67,1.3,1.04,4.21,1.21,0.802,0.504,0.488,-31,-48,0.5,0.4,4,4,0.54,0.238,0.016000000000000014,17,1
824325,2026-07-31,115,Colorado Rockies,118,Kansas City Royals,608372,Tomoyuki Sugano,608379,Michael Wacha,4.7,1.26,0.824,3.58,1.15,0.815,0.394,0.422,-122,-104,0.3,0.3,4,4,-1.12,0.009000000000000008,-0.02799999999999997,-18,1
823999,2026-07-31,108,Los Angeles Angels,158,Milwaukee Brewers,696270,Ryan Johnson,675660,Shane Drohan,6.41,1.54,0.743,3.86,1.25,0.81,0.394,0.614,-85,156,0.6,0.4,4,4,-2.5500000000000003,-0.06700000000000006,-0.21999999999999997,-241,0
824975,2026-07-31,133,Athletics,116,Detroit Tigers,605488,Jeffrey Springs,663947,Tyler Holton,6.02,1.48,0.829,3.07,1.26,0.808,0.386,0.48,-181,82,0.5,0.6,4,4,-2.9499999999999997,0.020999999999999908,-0.09399999999999997,-263,0
823272,2026-07-31,135,San Diego Padres,137,San Francisco Giants,699134,Bradgley Rodriguez,687931,Carson Whisenhunt,2.08,1.07,0.788,7.03,1.84,0.8,0.531,0.413,3,-73,0.7,0.7,4,4,4.95,-0.01200000000000001,0.11800000000000005,76,1
823922,2026-07-31,119,Los Angeles Dodgers,111,Boston Red Sox,683618,Edgardo Henriquez,624133,Ranger Suarez,3.06,1.06,0.844,3.41,1.18,0.927,0.602,0.535,145,95,0.4,0.3,4,4,0.3500000000000001,-0.08300000000000007,0.06699999999999995,50,0
823111,2026-07-31,136,Seattle Mariners,142,Minnesota Twins,682243,Bryce Miller,805673,Zebby Matthews,3.71,1.04,0.818,5.12,1.33,0.741,0.472,0.492,-43,-41,0.4,0.4,4,4,1.4100000000000001,0.07699999999999996,-0.020000000000000018,-2,0
824892,2026-07-31,144,Atlanta Braves,120,Washington Nationals,693821,Bryce Elder,656492,Foster Griffin,3.92,1.23,0.804,3.18,1.11,0.884,0.583,0.477,110,19,0.6,0.3,4,4,-0.7399999999999998,-0.07999999999999996,0.10599999999999998,91,1
824808,2026-08-01,110,Baltimore Orioles,143,Philadelphia Phillies,669358,Shane Baz,650911,Cristopher Sánchez,4.02,1.35,0.857,2.51,1.22,0.755,0.48,0.547,-31,15,0.3,0.4,4,4,-1.5099999999999998,0.10199999999999998,-0.06700000000000006,-46,0
822781,2026-08-01,141,Toronto Blue Jays,138,St. Louis Cardinals,592332,Kevin Gausman,687273,Quinn Mathews,4.58,1.3,0.714,3.0,1.56,0.845,0.484,0.508,-53,9,0.7,0.5,4,4,-1.58,-0.131,-0.02400000000000002,-62,1
823109,2026-08-01,136,Seattle Mariners,142,Minnesota Twins,669302,Logan Gilbert,687570,Connor Prielipp,3.35,1.01,0.818,5.34,1.38,0.741,0.472,0.492,-43,-41,0.4,0.4,4,4,1.9899999999999998,0.07699999999999996,-0.020000000000000018,-2,1
823594,2026-08-01,121,New York Mets,146,Miami Marlins,804267,Zac Thornton,663969,Tyler Phillips,3.04,1.13,0.752,3.67,1.37,0.793,0.453,0.5,-42,14,0.7,0.3,4,4,0.6299999999999999,-0.041000000000000036,-0.046999999999999986,-56,0
824485,2026-08-01,113,Cincinnati Reds,134,Pittsburgh Pirates,671096,Andrew Abbott,677952,Braxton Ashcraft,4.07,1.4,0.808,3.68,1.08,0.772,0.48,0.488,-88,31,0.4,0.4,4,4,-0.3900000000000001,0.03600000000000003,-0.008000000000000007,-119,0
824162,2026-08-01,117,Houston Astros,140,Texas Rangers,669854,Ronel Blanco,594798,Jacob deGrom,7.71,1.46,1.04,3.95,1.17,0.802,0.504,0.488,-31,-48,0.5,0.4,4,4,-3.76,0.238,0.016000000000000014,17,1
822944,2026-08-01,139,Tampa Bay Rays,145,Chicago White Sox,656876,Drew Rasmussen,663855,Jordan Hicks,3.01,0.95,0.702,3.32,1.47,0.757,0.603,0.524,49,47,0.2,0.6,4,4,0.31000000000000005,-0.05500000000000005,0.07899999999999996,2,1
824890,2026-08-01,144,Atlanta Braves,120,Washington Nationals,527048,Martín Pérez,571945,Miles Mikolas,3.15,1.19,0.804,5.82,1.38,0.884,0.583,0.477,110,19,0.6,0.3,4,4,2.6700000000000004,-0.07999999999999996,0.10599999999999998,91,1
824649,2026-08-01,112,Chicago Cubs,147,New York Yankees,656849,David Peterson,608331,Max Fried,5.29,1.53,0.928,2.81,1.0,0.77,0.578,0.563,100,89,0.4,0.5,4,4,-2.48,0.15800000000000003,0.015000000000000013,11,1
824326,2026-08-01,115,Colorado Rockies,118,Kansas City Royals,663372,Ryan Feltner,679883,Luinder Avila,5.97,1.53,0.824,5.53,1.61,0.815,0.394,0.422,-122,-104,0.3,0.3,4,4,-0.4399999999999995,0.009000000000000008,-0.02799999999999997,-18,1
823269,2026-08-01,135,San Diego Padres,137,San Francisco Giants,621111,Walker Buehler,641816,Tyler Mahle,4.79,1.39,0.788,4.53,1.31,0.8,0.531,0.413,3,-73,0.7,0.7,4,4,-0.2599999999999998,-0.01200000000000001,0.11800000000000005,76,1
824972,2026-08-01,133,Athletics,116,Detroit Tigers,678022,Jack Perkins,664285,Framber Valdez,6.96,1.48,0.829,4.35,1.4,0.808,0.386,0.48,-181,82,0.5,0.6,4,4,-2.6100000000000003,0.020999999999999908,-0.09399999999999997,-263,0
823920,2026-08-01,119,Los Angeles Dodgers,111,Boston Red Sox,808967,Yoshinobu Yamamoto,801139,Payton Tolle,2.6,0.89,0.844,3.08,1.08,0.927,0.602,0.535,145,95,0.4,0.3,4,4,0.48,-0.08300000000000007,0.06699999999999995,50,0
824000,2026-08-01,108,Los Angeles Angels,158,Milwaukee Brewers,608718,Brent Suter,688107,Robert Gasser,3.91,1.29,0.743,4.54,1.24,0.81,0.394,0.614,-85,156,0.6,0.4,4,4,0.6299999999999999,-0.06700000000000006,-0.21999999999999997,-241,0
824405,2026-08-01,114,Cleveland Guardians,109,Arizona Diamondbacks,800048,Parker Messick,684442,Kohl Drake,2.54,1.03,0.8,5.4,1.56,0.855,0.48,0.523,-26,4,0.6,0.5,4,4,2.8600000000000003,-0.05499999999999994,-0.04300000000000004,-30,0
824807,2026-08-02,110,Baltimore Orioles,143,Philadelphia Phillies,680694,Kyle Bradish,554430,Zack Wheeler,3.65,1.36,0.857,2.92,1.01,0.755,0.48,0.547,-31,15,0.3,0.4,4,4,-0.73,0.10199999999999998,-0.06700000000000006,-46,0
824891,2026-08-02,144,Atlanta Braves,120,Washington Nationals,702275,JR Ritchie,676917,Cade Cavalli,4.5,1.43,0.804,3.22,1.22,0.884,0.583,0.477,110,19,0.6,0.3,4,4,-1.2799999999999998,-0.07999999999999996,0.10599999999999998,91,1
822783,2026-08-02,141,Toronto Blue Jays,138,St. Louis Cardinals,453286,Max Scherzer,669461,Matthew Liberatore,7.4,1.51,0.714,5.04,1.44,0.845,0.484,0.508,-53,9,0.7,0.5,4,4,-2.3600000000000003,-0.131,-0.02400000000000002,-62,0
824483,2026-08-02,113,Cincinnati Reds,134,Pittsburgh Pirates,695505,Chase Burns,656605,Mitch Keller,2.51,1.11,0.808,5.29,1.37,0.772,0.48,0.488,-88,31,0.4,0.4,4,4,2.7800000000000002,0.03600000000000003,-0.008000000000000007,-119,1
822943,2026-08-02,139,Tampa Bay Rays,145,Chicago White Sox,643377,Griffin Jax,641743,Anthony Kay,3.63,1.21,0.702,4.01,1.34,0.757,0.603,0.524,49,47,0.2,0.6,4,4,0.3799999999999999,-0.05500000000000005,0.07899999999999996,2,0
823592,2026-08-02,121,New York Mets,146,Miami Marlins,476594,Robert Stock,645261,Sandy Alcantara,5.4,1.68,0.752,3.46,1.18,0.793,0.453,0.5,-42,14,0.7,0.3,4,4,-1.9400000000000004,-0.041000000000000036,-0.046999999999999986,-56,0
824404,2026-08-02,114,Cleveland Guardians,109,Arizona Diamondbacks,668909,Gavin Williams,518876,Merrill Kelly,3.74,1.08,0.8,5.37,1.52,0.855,0.48,0.523,-26,4,0.6,0.5,4,4,1.63,-0.05499999999999994,-0.04300000000000004,-30,1
824648,2026-08-02,112,Chicago Cubs,147,New York Yankees,607067,Colin Rea,543037,Gerrit Cole,4.58,1.36,0.928,3.22,1.08,0.77,0.578,0.563,100,89,0.4,0.5,4,4,-1.3599999999999999,0.15800000000000003,0.015000000000000013,11,0
824323,2026-08-02,115,Colorado Rockies,118,Kansas City Royals,607536,Kyle Freeland,607625,Seth Lugo,6.37,1.46,0.824,4.71,1.38,0.815,0.394,0.422,-122,-104,0.3,0.3,4,4,-1.6600000000000001,0.009000000000000008,-0.02799999999999997,-18,1
823996,2026-08-02,108,Los Angeles Angels,158,Milwaukee Brewers,700712,Walbert Ureña,694819,Jacob Misiorowski,2.8,1.24,0.743,1.75,0.75,0.81,0.394,0.614,-85,156,0.6,0.4,4,4,-1.0499999999999998,-0.06700000000000006,-0.21999999999999997,-241,1
824971,2026-08-02,133,Athletics,116,Detroit Tigers,695611,Gage Jump,672456,Keider Montero,4.5,1.45,0.829,3.3,1.0,0.808,0.386,0.48,-181,82,0.5,0.6,4,4,-1.2000000000000002,0.020999999999999908,-0.09399999999999997,-263,0
823270,2026-08-02,135,San Diego Padres,137,San Francisco Giants,606996,Kyle Hart,694738,Landen Roupp,4.03,1.09,0.788,4.31,1.3,0.8,0.531,0.413,3,-73,0.7,0.7,4,4,0.27999999999999936,-0.01200000000000001,0.11800000000000005,76,1
823107,2026-08-02,136,Seattle Mariners,142,Minnesota Twins,669923,George Kirby,671737,Taj Bradley,3.89,1.31,0.818,3.9,1.28,0.741,0.472,0.492,-43,-41,0.4,0.4,4,4,0.009999999999999787,0.07699999999999996,-0.020000000000000018,-2,1
823919,2026-08-02,119,Los Angeles Dodgers,111,Boston Red Sox,686218,Emmet Sheehan,687562,Jake Bennett,5.29,1.29,0.844,3.46,1.07,0.927,0.602,0.535,145,95,0.4,0.3,4,4,-1.83,-0.08300000000000007,0.06699999999999995,50,0
824163,2026-08-02,117,Houston Astros,140,Texas Rangers,663567,Peter Lambert,677958,Kumar Rocker,3.11,1.15,1.04,4.46,1.4,0.802,0.504,0.488,-31,-48,0.5,0.4,4,4,1.35,0.238,0.016000000000000014,17,1
823431,2026-08-03,143,Philadelphia Phillies,120,Washington Nationals,605400,Aaron Nola,674841,Andrew Alvarez,5.12,1.42,0.755,3.72,1.33,0.884,0.547,0.477,15,19,0.6,0.3,4,4,-1.4,-0.129,0.07000000000000006,-4,1
823520,2026-08-03,147,New York Yankees,138,St. Louis Cardinals,693645,Cam Schlittler,700241,Michael McGreevy,2.19,0.94,0.77,3.48,1.22,0.845,0.563,0.508,89,9,0.5,0.5,4,4,1.29,-0.07499999999999996,0.05499999999999994,80,0
823757,2026-08-03,158,Milwaukee Brewers,134,Pittsburgh Pirates,687075,Brandon Sproat,696149,Bubba Chandler,5.27,1.42,0.81,4.23,1.37,0.772,0.614,0.488,156,31,0.6,0.4,4,4,-1.0399999999999991,0.038000000000000034,0.126,125,0
822867,2026-08-03,140,Texas Rangers,137,San Francisco Giants,615698,Cal Quantrill,657277,Logan Webb,3.13,1.15,0.802,3.5,1.06,0.8,0.488,0.413,-48,-73,0.6,0.7,4,4,0.3700000000000001,0.0020000000000000018,0.07500000000000001,25,0
824160,2026-08-03,117,Houston Astros,141,Toronto Blue Jays,664299,Cristian Javier,669456,Shane Bieber,6.44,1.68,1.04,4.99,1.56,0.714,0.504,0.484,-31,-53,0.5,0.3,4,4,-1.4500000000000002,0.32600000000000007,0.020000000000000018,22,0
824324,2026-08-03,115,Colorado Rockies,139,Tampa Bay Rays,547179,Michael Lorenzen,693855,Ian Seymour,7.08,1.88,0.824,4.11,1.13,0.702,0.394,0.603,-122,49,0.3,0.8,4,4,-2.9699999999999998,0.122,-0.20899999999999996,-171,0
825095,2026-08-03,109,Arizona Diamondbacks,135,San Diego Padres,694297,Brandon Pfaadt,650633,Michael King,3.39,1.14,0.855,3.38,1.17,0.788,0.523,0.531,4,3,0.5,0.3,4,4,-0.010000000000000231,0.06699999999999995,-0.008000000000000007,1,1
824647,2026-08-03,112,Chicago Cubs,119,Los Angeles Dodgers,571510,Matthew Boyd,680736,Justin Wrobleski,4.02,1.24,0.928,3.56,1.1,0.844,0.578,0.602,100,145,0.4,0.6,4,4,-0.4599999999999995,0.08400000000000007,-0.02400000000000002,-45,1
824805,2026-08-04,110,Baltimore Orioles,108,Los Angeles Angels,700249,Cade Povich,680570,Grayson Rodriguez,4.45,1.41,0.857,7.17,1.59,0.743,0.48,0.394,-31,-85,0.3,0.4,4,4,2.7199999999999998,0.11399999999999999,0.08599999999999997,54,1
824403,2026-08-04,114,Cleveland Guardians,121,New York Mets,676282,Joey Cantillo,640455,Sean Manaea,3.8,1.44,0.8,4.22,1.32,0.752,0.48,0.453,-26,-42,0.6,0.3,4,4,0.41999999999999993,0.04800000000000004,0.02699999999999997,16,0
824484,2026-08-04,113,Cincinnati Reds,133,Athletics,663903,Brady Singer,669372,J.T. Ginn,4.66,1.44,0.808,3.53,1.22,0.829,0.48,0.386,-88,-181,0.4,0.5,4,4,-1.1300000000000003,-0.020999999999999908,0.09399999999999997,93,1
823432,2026-08-04,143,Philadelphia Phillies,120,Washington Nationals,666200,Jesús Luzardo,687223,Carson Palmquist,3.23,1.15,0.755,7.71,1.78,0.884,0.547,0.477,15,19,0.6,0.3,4,4,4.48,-0.129,0.07000000000000006,-4,1
824731,2026-08-04,111,Boston Red Sox,145,Chicago White Sox,663776,Patrick Sandoval,663436,Davis Martin,4.76,1.85,0.927,4.32,1.33,0.757,0.535,0.524,95,47,0.7,0.6,4,4,-0.4399999999999995,0.17000000000000004,0.01100000000000001,48,1
824888,2026-08-04,144,Atlanta Braves,146,Miami Marlins,656550,Grant Holmes,687473,Ryan Gusto,3.82,1.35,0.804,4.7,1.32,0.793,0.583,0.5,110,14,0.6,0.3,4,4,0.8800000000000003,0.01100000000000001,0.08299999999999996,96,1
823517,2026-08-04,147,New York Yankees,138,St. Louis Cardinals,677960,Ryan Weathers,690928,Hunter Dobbins,3.56,1.19,0.77,3.42,1.3,0.845,0.563,0.508,89,9,0.5,0.5,4,4,-0.14000000000000012,-0.07499999999999996,0.05499999999999994,80,1
823756,2026-08-04,158,Milwaukee Brewers,134,Pittsburgh Pirates,701656,Logan Henderson,683003,Jared Jones,2.7,0.87,0.81,4.78,1.2,0.772,0.614,0.488,156,31,0.6,0.4,4,4,2.08,0.038000000000000034,0.126,125,1
823108,2026-08-04,136,Seattle Mariners,116,Detroit Tigers,676106,Emerson Hancock,675512,Troy Melton,3.3,1.11,0.818,1.71,0.97,0.808,0.472,0.48,-43,82,0.4,0.6,4,4,-1.5899999999999999,0.009999999999999898,-0.008000000000000007,-125,0
825054,2026-08-04,109,Arizona Diamondbacks,135,San Diego Padres,593958,Eduardo Rodriguez,681190,Randy Vásquez,2.71,1.21,0.855,4.3,1.38,0.788,0.523,0.531,4,3,0.5,0.3,4,4,1.5899999999999999,0.06699999999999995,-0.008000000000000007,1,0
824321,2026-08-04,115,Colorado Rockies,139,Tampa Bay Rays,687312,Gabriel Hughes,642547,Freddy Peralta,6.69,1.38,0.824,5.27,1.48,0.702,0.394,0.603,-122,49,0.3,0.8,4,4,-1.4200000000000008,0.122,-0.20899999999999996,-171,0
824084,2026-08-04,118,Kansas City Royals,142,Minnesota Twins,677976,Randy Dobnak,657746,Joe Ryan,1.73,1.3,0.815,3.65,1.14,0.741,0.422,0.492,-104,-41,0.7,0.4,4,4,1.92,0.07399999999999995,-0.07,-63,1
822865,2026-08-04,140,Texas Rangers,137,San Francisco Giants,669022,MacKenzie Gore,694918,Blade Tidwell,4.45,1.26,0.802,4.33,1.22,0.8,0.488,0.413,-48,-73,0.6,0.7,4,4,-0.1200000000000001,0.0020000000000000018,0.07500000000000001,25,1
824645,2026-08-04,112,Chicago Cubs,119,Los Angeles Dodgers,665871,Javier Assad,669373,Tarik Skubal,3.46,1.1,0.928,2.85,0.96,0.844,0.578,0.602,100,145,0.4,0.6,4,4,-0.6099999999999999,0.08400000000000007,-0.02400000000000002,-45,1
824161,2026-08-04,117,Houston Astros,141,Toronto Blue Jays,669713,Hayden Wesneski,702056,Trey Yesavage,5.16,1.32,1.04,3.65,1.14,0.714,0.504,0.484,-31,-53,0.5,0.3,4,4,-1.5100000000000002,0.32600000000000007,0.020000000000000018,22,1
824158,2026-08-05,117,Houston Astros,141,Toronto Blue Jays,686613,Hunter Brown,592791,Jameson Taillon,3.67,1.3,1.04,5.68,1.37,0.714,0.504,0.484,-31,-53,0.5,0.3,4,4,2.01,0.32600000000000007,0.020000000000000018,22,0
824646,2026-08-05,112,Chicago Cubs,119,Los Angeles Dodgers,684007,Shota Imanaga,641778,Eric Lauer,3.77,1.09,0.928,4.79,1.25,0.844,0.578,0.602,100,145,0.4,0.6,4,4,1.02,0.08400000000000007,-0.02400000000000002,-45,1
822866,2026-08-05,140,Texas Rangers,137,San Francisco Giants,674003,Cody Bradford,687931,Carson Whisenhunt,2.93,1.43,0.802,7.03,1.84,0.8,0.488,0.413,-48,-73,0.6,0.7,4,4,4.1,0.0020000000000000018,0.07500000000000001,25,1
824322,2026-08-05,115,Colorado Rockies,139,Tampa Bay Rays,608372,Tomoyuki Sugano,607259,Nick Martinez,4.7,1.26,0.824,3.05,1.14,0.702,0.394,0.603,-122,49,0.3,0.8,4,4,-1.6500000000000004,0.122,-0.20899999999999996,-171,0
824806,2026-08-05,110,Baltimore Orioles,108,Los Angeles Angels,669432,Trevor Rogers,672282,Reid Detmers,4.15,1.25,0.857,3.78,1.06,0.743,0.48,0.394,-31,-85,0.3,0.4,4,4,-0.37000000000000055,0.11399999999999999,0.08599999999999997,54,1
824482,2026-08-05,113,Cincinnati Reds,133,Athletics,695076,Rhett Lowder,682052,Jacob Lopez,5.17,1.49,0.808,5.22,1.53,0.829,0.48,0.386,-88,-181,0.4,0.5,4,4,0.04999999999999982,-0.020999999999999908,0.09399999999999997,93,1
824402,2026-08-05,114,Cleveland Guardians,121,New York Mets,676440,Tanner Bibee,681035,Christian Scott,4.01,1.15,0.8,3.51,1.29,0.752,0.48,0.453,-26,-42,0.6,0.3,4,4,-0.5,0.04800000000000004,0.02699999999999997,16,0
823516,2026-08-05,147,New York Yankees,138,St. Louis Cardinals,701542,Will Warren,669467,Andre Pallante,4.43,1.4,0.77,3.57,1.24,0.845,0.563,0.508,89,9,0.5,0.5,4,4,-0.8599999999999999,-0.07499999999999996,0.05499999999999994,80,0
824728,2026-08-05,111,Boston Red Sox,145,Chicago White Sox,543243,Sonny Gray,680732,Sean Burke,2.65,1.15,0.927,3.15,1.11,0.757,0.535,0.524,95,47,0.7,0.6,4,4,0.5,0.17000000000000004,0.01100000000000001,48,1
824889,2026-08-05,144,Atlanta Braves,146,Miami Marlins,693821,Bryce Elder,691587,Eury Pérez,3.92,1.23,0.804,3.23,1.11,0.793,0.583,0.5,110,14,0.6,0.3,4,4,-0.69,0.01100000000000001,0.08299999999999996,96,1
824082,2026-08-05,118,Kansas City Royals,142,Minnesota Twins,702070,Noah Cameron,665152,Dean Kremer,4.16,1.22,0.815,5.4,1.18,0.741,0.422,0.492,-104,-41,0.7,0.4,4,4,1.2400000000000002,0.07399999999999995,-0.07,-63,1
823753,2026-08-05,158,Milwaukee Brewers,134,Pittsburgh Pirates,690986,Kyle Harrison,694973,Paul Skenes,2.84,1.11,0.81,3.95,1.14,0.772,0.614,0.488,156,31,0.6,0.4,4,4,1.1100000000000003,0.038000000000000034,0.126,125,1
825052,2026-08-05,109,Arizona Diamondbacks,135,San Diego Padres,683352,Mitch Bratt,663554,Casey Mize,4.17,1.47,0.855,3.18,1.07,0.788,0.523,0.531,4,3,0.5,0.3,4,4,-0.9899999999999998,0.06699999999999995,-0.008000000000000007,1,1
823106,2026-08-05,136,Seattle Mariners,116,Detroit Tigers,693433,Bryan Woo,623454,Drew Anderson,4.1,1.08,0.818,4.01,1.3,0.808,0.472,0.48,-43,82,0.4,0.6,4,4,-0.08999999999999986,0.009999999999999898,-0.008000000000000007,-125,1
823429,2026-08-05,143,Philadelphia Phillies,120,Washington Nationals,691725,Andrew Painter,663623,Jake Irvin,6.43,1.55,0.755,5.8,1.36,0.884,0.547,0.477,15,19,0.6,0.3,4,4,-0.6299999999999999,-0.129,0.07000000000000006,-4,0
823754,2026-08-06,158,Milwaukee Brewers,134,Pittsburgh Pirates,669160,Dustin May,677952,Braxton Ashcraft,4.57,1.3,0.81,3.68,1.08,0.772,0.614,0.488,156,31,0.6,0.4,4,4,-0.8900000000000001,0.038000000000000034,0.126,125,1
824804,2026-08-06,110,Baltimore Orioles,108,Los Angeles Angels,687064,Brandon Young,696270,Ryan Johnson,3.52,1.35,0.857,6.41,1.54,0.743,0.48,0.394,-31,-85,0.3,0.4,4,4,2.89,0.11399999999999999,0.08599999999999997,54,0
824481,2026-08-06,113,Cincinnati Reds,133,Athletics,671096,Andrew Abbott,686930,Mason Barnett,4.07,1.4,0.808,7.08,1.62,0.829,0.48,0.386,-88,-181,0.4,0.5,4,4,3.01,-0.020999999999999908,0.09399999999999997,93,1
824401,2026-08-06,114,Cleveland Guardians,121,New York Mets,656492,Foster Griffin,690997,Nolan McLean,3.18,1.11,0.8,3.34,1.16,0.752,0.48,0.453,-26,-42,0.6,0.3,4,4,0.1599999999999997,0.04800000000000004,0.02699999999999997,16,0
824664,2026-08-06,112,Chicago Cubs,141,Toronto Blue Jays,656849,David Peterson,656302,Dylan Cease,5.29,1.53,0.928,2.42,1.06,0.714,0.578,0.484,100,-53,0.4,0.3,4,4,-2.87,0.21400000000000008,0.09399999999999997,153,1
825053,2026-08-06,109,Arizona Diamondbacks,135,San Diego Padres,684442,Kohl Drake,621111,Walker Buehler,5.4,1.56,0.855,4.79,1.39,0.788,0.523,0.531,4,3,0.5,0.3,4,4,-0.6100000000000003,0.06699999999999995,-0.008000000000000007,1,0
823430,2026-08-06,143,Philadelphia Phillies,120,Washington Nationals,650911,Cristopher Sánchez,571945,Miles Mikolas,2.51,1.22,0.755,5.82,1.38,0.884,0.547,0.477,15,19,0.6,0.3,4,4,3.3100000000000005,-0.129,0.07000000000000006,-4,1
824729,2026-08-06,111,Boston Red Sox,145,Chicago White Sox,624133,Ranger Suarez,622491,Luis Castillo,3.41,1.18,0.927,4.99,1.37,0.757,0.535,0.524,95,47,0.7,0.6,4,4,1.58,0.17000000000000004,0.01100000000000001,48,1
824885,2026-08-06,144,Atlanta Braves,146,Miami Marlins,527048,Martín Pérez,676083,Janson Junk,3.15,1.19,0.804,4.37,1.36,0.793,0.583,0.5,110,14,0.6,0.3,4,4,1.2200000000000002,0.01100000000000001,0.08299999999999996,96,1
824080,2026-08-06,118,Kansas City Royals,142,Minnesota Twins,608379,Michael Wacha,641927,Bailey Ober,3.58,1.15,0.815,4.62,1.25,0.741,0.422,0.492,-104,-41,0.7,0.4,4,4,1.04,0.07399999999999995,-0.07,-63,0
823105,2026-08-06,136,Seattle Mariners,116,Detroit Tigers,682243,Bryce Miller,664285,Framber Valdez,3.71,1.04,0.818,4.35,1.4,0.808,0.472,0.48,-43,82,0.4,0.6,4,4,0.6399999999999997,0.009999999999999898,-0.008000000000000007,-125,0
823349,2026-08-07,134,Pittsburgh Pirates,121,New York Mets,669387,Carmen Mlodzinski,804267,Zac Thornton,4.03,1.45,0.772,3.04,1.13,0.752,0.488,0.453,31,-42,0.6,0.3,4,4,-0.9900000000000002,0.020000000000000018,0.034999999999999976,73,0
823428,2026-08-07,143,Philadelphia Phillies,141,Toronto Blue Jays,554430,Zack Wheeler,667755,José Soriano,2.92,1.01,0.755,3.23,1.26,0.714,0.547,0.484,15,-53,0.6,0.3,4,4,0.31000000000000005,0.041000000000000036,0.06300000000000006,68,0
822699,2026-08-07,120,Washington Nationals,113,Cincinnati Reds,676917,Cade Cavalli,695534,Chase Petty,3.22,1.22,0.884,4.83,1.26,0.808,0.477,0.48,19,-88,0.7,0.6,4,4,1.6099999999999999,0.07599999999999996,-0.0030000000000000027,107,1
823515,2026-08-07,147,New York Yankees,144,Atlanta Braves,608331,Max Fried,641816,Tyler Mahle,2.81,1.0,0.77,4.53,1.31,0.804,0.563,0.583,89,110,0.5,0.4,4,4,1.7200000000000002,-0.03400000000000003,-0.020000000000000018,-21,1
823836,2026-08-07,146,Miami Marlins,108,Los Angeles Angels,663969,Tyler Phillips,691946,George Klassen,3.67,1.37,0.793,3.74,1.62,0.743,0.5,0.394,14,-85,0.7,0.4,4,4,0.07000000000000028,0.050000000000000044,0.10599999999999998,99,0
824727,2026-08-07,111,Boston Red Sox,133,Athletics,801139,Payton Tolle,678022,Jack Perkins,3.08,1.08,0.927,6.96,1.48,0.829,0.535,0.386,95,-181,0.7,0.5,4,4,3.88,0.09800000000000009,0.14900000000000002,276,1
824566,2026-08-07,145,Chicago White Sox,114,Cleveland Guardians,702273,Noah Schultz,800048,Parker Messick,6.06,1.42,0.757,2.54,1.03,0.8,0.524,0.48,47,-26,0.4,0.4,4,4,-3.5199999999999996,-0.04300000000000004,0.04400000000000004,73,0
822863,2026-08-07,140,Texas Rangers,110,Baltimore Orioles,543135,Nathan Eovaldi,669358,Shane Baz,4.21,1.21,0.802,4.02,1.35,0.857,0.488,0.48,-48,-31,0.6,0.7,4,4,-0.1900000000000004,-0.05499999999999994,0.008000000000000007,-17,1
824081,2026-08-07,118,Kansas City Royals,112,Chicago Cubs,663738,Daniel Lynch IV,592332,Kevin Gausman,2.83,1.02,0.815,4.58,1.3,0.928,0.422,0.578,-104,100,0.7,0.6,4,4,1.75,-0.1130000000000001,-0.15599999999999997,-204,0
823750,2026-08-07,158,Milwaukee Brewers,142,Minnesota Twins,675660,Shane Drohan,805673,Zebby Matthews,3.86,1.25,0.81,5.12,1.33,0.741,0.614,0.492,156,-41,0.6,0.4,4,4,1.2600000000000002,0.06900000000000006,0.122,197,0
823191,2026-08-07,137,San Francisco Giants,116,Detroit Tigers,664141,JT Brubaker,672456,Keider Montero,3.59,1.2,0.8,3.3,1.0,0.808,0.413,0.48,-73,82,0.3,0.6,4,4,-0.29000000000000004,-0.008000000000000007,-0.067,-155,1
823103,2026-08-07,136,Seattle Mariners,139,Tampa Bay Rays,669302,Logan Gilbert,656876,Drew Rasmussen,3.35,1.01,0.818,3.01,0.95,0.702,0.472,0.603,-43,49,0.4,0.8,4,4,-0.3400000000000003,0.11599999999999999,-0.131,-92,0
823266,2026-08-07,135,San Diego Padres,117,Houston Astros,592662,Robbie Ray,669854,Ronel Blanco,3.2,1.31,0.788,7.71,1.46,1.04,0.531,0.504,3,-31,0.7,0.5,4,4,4.51,-0.252,0.027000000000000024,34,0
825051,2026-08-07,109,Arizona Diamondbacks,119,Los Angeles Dodgers,518876,Merrill Kelly,808963,Roki Sasaki,5.37,1.52,0.855,4.42,1.3,0.844,0.523,0.602,4,145,0.5,0.6,4,4,-0.9500000000000002,0.01100000000000001,-0.07899999999999996,-141,1
823024,2026-08-07,138,St. Louis Cardinals,115,Colorado Rockies,681517,Kyle Leahy,663372,Ryan Feltner,3.24,1.31,0.845,5.97,1.53,0.824,0.508,0.394,9,-122,0.5,0.7,4,4,2.7299999999999995,0.02100000000000002,0.11399999999999999,131,1
823514,2026-08-08,147,New York Yankees,144,Atlanta Braves,543037,Gerrit Cole,519242,Chris Sale,3.22,1.08,0.77,2.16,1.02,0.804,0.563,0.583,89,110,0.5,0.4,4,4,-1.06,-0.03400000000000003,-0.020000000000000018,-21,1
824726,2026-08-08,111,Boston Red Sox,133,Athletics,687562,Jake Bennett,695611,Gage Jump,3.46,1.07,0.927,4.5,1.45,0.829,0.535,0.386,95,-181,0.7,0.5,4,4,1.04,0.09800000000000009,0.14900000000000002,276,0
823834,2026-08-08,146,Miami Marlins,108,Los Angeles Angels,645261,Sandy Alcantara,700712,Walbert Ureña,3.46,1.18,0.793,2.8,1.24,0.743,0.5,0.394,14,-85,0.7,0.4,4,4,-0.6600000000000001,0.050000000000000044,0.10599999999999998,99,1
823426,2026-08-08,143,Philadelphia Phillies,141,Toronto Blue Jays,605400,Aaron Nola,453286,Max Scherzer,5.12,1.42,0.755,7.4,1.51,0.714,0.547,0.484,15,-53,0.6,0.3,4,4,2.2800000000000002,0.041000000000000036,0.06300000000000006,68,0
822701,2026-08-08,120,Washington Nationals,113,Cincinnati Reds,674841,Andrew Alvarez,695505,Chase Burns,3.72,1.33,0.884,2.51,1.11,0.808,0.477,0.48,19,-88,0.7,0.6,4,4,-1.2100000000000004,0.07599999999999996,-0.0030000000000000027,107,1
823752,2026-08-08,158,Milwaukee Brewers,142,Minnesota Twins,688107,Robert Gasser,671737,Taj Bradley,4.54,1.24,0.81,3.9,1.28,0.741,0.614,0.492,156,-41,0.6,0.4,4,4,-0.6400000000000001,0.06900000000000006,0.122,197,1
823348,2026-08-08,134,Pittsburgh Pirates,121,New York Mets,696149,Bubba Chandler,476594,Robert Stock,4.23,1.37,0.772,5.4,1.68,0.752,0.488,0.453,31,-42,0.6,0.3,4,4,1.17,0.020000000000000018,0.034999999999999976,73,1
823188,2026-08-08,137,San Francisco Giants,116,Detroit Tigers,694738,Landen Roupp,695549,Jackson Jobe,4.31,1.3,0.8,4.5,1.36,0.808,0.413,0.48,-73,82,0.3,0.6,4,4,0.1900000000000004,-0.008000000000000007,-0.067,-155,0
823021,2026-08-08,138,St. Louis Cardinals,115,Colorado Rockies,669461,Matthew Liberatore,607536,Kyle Freeland,5.04,1.44,0.845,6.37,1.46,0.824,0.508,0.394,9,-122,0.5,0.7,4,4,1.33,0.02100000000000002,0.11399999999999999,131,0
822864,2026-08-08,140,Texas Rangers,110,Baltimore Orioles,594798,Jacob deGrom,680694,Kyle Bradish,3.95,1.17,0.802,3.65,1.36,0.857,0.488,0.48,-48,-31,0.6,0.7,4,4,-0.30000000000000027,-0.05499999999999994,0.008000000000000007,-17,1
824565,2026-08-08,145,Chicago White Sox,114,Cleveland Guardians,641743,Anthony Kay,668909,Gavin Williams,4.01,1.34,0.757,3.74,1.08,0.8,0.524,0.48,47,-26,0.4,0.4,4,4,-0.2699999999999996,-0.04300000000000004,0.04400000000000004,73,1
825049,2026-08-08,109,Arizona Diamondbacks,119,Los Angeles Dodgers,694297,Brandon Pfaadt,808967,Yoshinobu Yamamoto,3.39,1.14,0.855,2.6,0.89,0.844,0.523,0.602,4,145,0.5,0.6,4,4,-0.79,0.01100000000000001,-0.07899999999999996,-141,0
823102,2026-08-08,136,Seattle Mariners,139,Tampa Bay Rays,669923,George Kirby,668984,Casey Legumina,3.89,1.31,0.818,3.81,1.21,0.702,0.472,0.603,-43,49,0.4,0.8,4,4,-0.08000000000000007,0.11599999999999999,-0.131,-92,0
823267,2026-08-08,135,San Diego Padres,117,Houston Astros,650633,Michael King,663567,Peter Lambert,3.38,1.17,0.788,3.11,1.15,1.04,0.531,0.504,3,-31,0.7,0.5,4,4,-0.27,-0.252,0.027000000000000024,34,1
824079,2026-08-08,118,Kansas City Royals,112,Chicago Cubs,607625,Seth Lugo,605280,Clay Holmes,4.71,1.38,0.815,2.49,1.11,0.928,0.422,0.578,-104,100,0.7,0.6,4,4,-2.2199999999999998,-0.1130000000000001,-0.15599999999999997,-204,1
824078,2026-08-09,118,Kansas City Royals,112,Chicago Cubs,677976,Randy Dobnak,571510,Matthew Boyd,1.73,1.3,0.815,4.02,1.24,0.928,0.422,0.578,-104,100,0.7,0.6,4,4,2.2899999999999996,-0.1130000000000001,-0.15599999999999997,-204,0
822700,2026-08-09,120,Washington Nationals,113,Cincinnati Reds,695418,Brad Lord,663903,Brady Singer,4.04,1.25,0.884,4.66,1.44,0.808,0.477,0.48,19,-88,0.7,0.6,4,4,0.6200000000000001,0.07599999999999996,-0.0030000000000000027,107,1
824724,2026-08-09,111,Boston Red Sox,133,Athletics,669062,Erik Miller,669372,J.T. Ginn,2.25,1.33,0.927,3.53,1.22,0.829,0.535,0.386,95,-181,0.7,0.5,4,4,1.2799999999999998,0.09800000000000009,0.14900000000000002,276,0
823345,2026-08-09,134,Pittsburgh Pirates,121,New York Mets,683003,Jared Jones,640455,Sean Manaea,4.78,1.2,0.772,4.22,1.32,0.752,0.488,0.453,31,-42,0.6,0.3,4,4,-0.5600000000000005,0.020000000000000018,0.034999999999999976,73,0
823425,2026-08-09,143,Philadelphia Phillies,141,Toronto Blue Jays,666200,Jesús Luzardo,669456,Shane Bieber,3.23,1.15,0.755,4.99,1.56,0.714,0.547,0.484,15,-53,0.6,0.3,4,4,1.7600000000000002,0.041000000000000036,0.06300000000000006,68,1
823513,2026-08-09,147,New York Yankees,144,Atlanta Braves,693645,Cam Schlittler,656550,Grant Holmes,2.19,0.94,0.77,3.82,1.35,0.804,0.563,0.583,89,110,0.5,0.4,4,4,1.63,-0.03400000000000003,-0.020000000000000018,-21,0
823835,2026-08-09,146,Miami Marlins,108,Los Angeles Angels,687473,Ryan Gusto,680570,Grayson Rodriguez,4.7,1.32,0.793,7.17,1.59,0.743,0.5,0.394,14,-85,0.7,0.4,4,4,2.4699999999999998,0.050000000000000044,0.10599999999999998,99,1
824564,2026-08-09,145,Chicago White Sox,114,Cleveland Guardians,663436,Davis Martin,676282,Joey Cantillo,4.32,1.33,0.757,3.8,1.44,0.8,0.524,0.48,47,-26,0.4,0.4,4,4,-0.5200000000000005,-0.04300000000000004,0.04400000000000004,73,1
823020,2026-08-09,138,St. Louis Cardinals,115,Colorado Rockies,700241,Michael McGreevy,547179,Michael Lorenzen,3.48,1.22,0.845,7.08,1.88,0.824,0.508,0.394,9,-122,0.5,0.7,4,4,3.6,0.02100000000000002,0.11399999999999999,131,1
822862,2026-08-09,140,Texas Rangers,110,Baltimore Orioles,677958,Kumar Rocker,700249,Cade Povich,4.46,1.4,0.802,4.45,1.41,0.857,0.488,0.48,-48,-31,0.6,0.7,4,4,-0.009999999999999787,-0.05499999999999994,0.008000000000000007,-17,0
823190,2026-08-09,137,San Francisco Giants,116,Detroit Tigers,657277,Logan Webb,675512,Troy Melton,3.5,1.06,0.8,1.71,0.97,0.808,0.413,0.48,-73,82,0.3,0.6,4,4,-1.79,-0.008000000000000007,-0.067,-155,0
825050,2026-08-09,109,Arizona Diamondbacks,119,Los Angeles Dodgers,593958,Eduardo Rodriguez,680736,Justin Wrobleski,2.71,1.21,0.855,3.56,1.1,0.844,0.523,0.602,4,145,0.5,0.6,4,4,0.8500000000000001,0.01100000000000001,-0.07899999999999996,-141,1
823104,2026-08-09,136,Seattle Mariners,139,Tampa Bay Rays,676106,Emerson Hancock,693855,Ian Seymour,3.3,1.11,0.818,4.11,1.13,0.702,0.472,0.603,-43,49,0.4,0.8,4,4,0.8100000000000005,0.11599999999999999,-0.131,-92,0
823268,2026-08-09,135,San Diego Padres,117,Houston Astros,681190,Randy Vásquez,664299,Cristian Javier,4.3,1.38,0.788,6.44,1.68,1.04,0.531,0.504,3,-31,0.7,0.5,4,4,2.1400000000000006,-0.252,0.027000000000000024,34,1
823751,2026-08-09,158,Milwaukee Brewers,142,Minnesota Twins,694819,Jacob Misiorowski,687570,Connor Prielipp,1.75,0.75,0.81,5.34,1.38,0.741,0.614,0.492,156,-41,0.6,0.4,4,4,3.59,0.06900000000000006,0.122,197,1
822780,2026-08-10,141,Toronto Blue Jays,111,Boston Red Sox,592791,Jameson Taillon,543243,Sonny Gray,5.68,1.37,0.714,2.65,1.15,0.927,0.484,0.535,-53,95,0.7,0.3,4,4,-3.03,-0.21300000000000008,-0.051000000000000045,-148,1
824887,2026-08-10,144,Atlanta Braves,121,New York Mets,693821,Bryce Elder,681035,Christian Scott,3.92,1.23,0.804,3.51,1.29,0.752,0.583,0.453,110,-42,0.6,0.3,4,4,-0.41000000000000014,0.052000000000000046,0.12999999999999995,152,0
823675,2026-08-10,142,Minnesota Twins,110,Baltimore Orioles,665152,Dean Kremer,669432,Trevor Rogers,5.4,1.18,0.741,4.15,1.25,0.857,0.492,0.48,-41,-31,0.6,0.7,4,4,-1.25,-0.11599999999999999,0.01200000000000001,-10,1
823018,2026-08-10,138,St. Louis Cardinals,143,Philadelphia Phillies,690928,Hunter Dobbins,691725,Andrew Painter,3.42,1.3,0.845,6.43,1.55,0.755,0.508,0.547,9,15,0.5,0.4,4,4,3.01,0.08999999999999997,-0.039000000000000035,-6,0
823998,2026-08-10,108,Los Angeles Angels,140,Texas Rangers,672282,Reid Detmers,669022,MacKenzie Gore,3.78,1.06,0.743,4.45,1.26,0.802,0.394,0.488,-85,-48,0.6,0.4,4,4,0.6700000000000004,-0.05900000000000005,-0.09399999999999997,-37,0
825048,2026-08-10,109,Arizona Diamondbacks,115,Colorado Rockies,647336,Michael Soroka,687312,Gabriel Hughes,2.93,1.11,0.855,6.69,1.38,0.824,0.523,0.394,4,-122,0.5,0.7,4,4,3.7600000000000002,0.031000000000000028,0.129,126,1
824969,2026-08-10,133,Athletics,139,Tampa Bay Rays,682052,Jacob Lopez,642547,Freddy Peralta,5.22,1.53,0.829,5.27,1.48,0.702,0.386,0.603,-181,49,0.5,0.8,4,4,0.04999999999999982,0.127,-0.21699999999999997,-230,0
823265,2026-08-10,135,San Diego Padres,158,Milwaukee Brewers,663554,Casey Mize,701656,Logan Henderson,3.18,1.07,0.788,2.7,0.87,0.81,0.531,0.614,3,156,0.7,0.4,4,4,-0.48,-0.02200000000000002,-0.08299999999999996,-153,1
823189,2026-08-10,137,San Francisco Giants,117,Houston Astros,694918,Blade Tidwell,669713,Hayden Wesneski,4.33,1.22,0.8,5.16,1.32,1.04,0.413,0.504,-73,-31,0.3,0.5,4,4,0.8300000000000001,-0.24,-0.09100000000000003,-42,0
823918,2026-08-10,119,Los Angeles Dodgers,118,Kansas City Royals,669373,Tarik Skubal,702070,Noah Cameron,2.85,0.96,0.844,4.16,1.22,0.815,0.602,0.422,145,-104,0.4,0.3,4,4,1.31,0.029000000000000026,0.18,249,1
824240,2026-08-11,116,Detroit Tigers,114,Cleveland Guardians,623454,Drew Anderson,676440,Tanner Bibee,4.01,1.3,0.808,4.01,1.15,0.8,0.48,0.48,82,-26,0.4,0.4,4,4,0.0,0.008000000000000007,0.0,108,1
823832,2026-08-11,146,Miami Marlins,134,Pittsburgh Pirates,691587,Eury Pérez,694973,Paul Skenes,3.23,1.11,0.793,3.95,1.14,0.772,0.5,0.488,14,31,0.7,0.4,4,4,0.7200000000000002,0.02100000000000002,0.01200000000000001,-17,1
822697,2026-08-11,120,Washington Nationals,112,Chicago Cubs,663623,Jake Irvin,684007,Shota Imanaga,5.8,1.36,0.884,3.77,1.09,0.928,0.477,0.578,19,100,0.7,0.6,4,4,-2.03,-0.04400000000000004,-0.10099999999999998,-81,0
823512,2026-08-11,147,New York Yankees,136,Seattle Mariners,677960,Ryan Weathers,693433,Bryan Woo,3.56,1.19,0.77,4.1,1.08,0.818,0.563,0.472,89,-43,0.5,0.6,4,4,0.5399999999999996,-0.04799999999999993,0.09099999999999997,132,1
822778,2026-08-11,141,Toronto Blue Jays,111,Boston Red Sox,656302,Dylan Cease,663776,Patrick Sandoval,2.42,1.06,0.714,4.76,1.85,0.927,0.484,0.535,-53,95,0.7,0.3,4,4,2.34,-0.21300000000000008,-0.051000000000000045,-148,1
824886,2026-08-11,144,Atlanta Braves,121,New York Mets,527048,Martín Pérez,690997,Nolan McLean,3.15,1.19,0.804,3.34,1.16,0.752,0.583,0.453,110,-42,0.6,0.3,4,4,0.18999999999999995,0.052000000000000046,0.12999999999999995,152,1
823673,2026-08-11,142,Minnesota Twins,110,Baltimore Orioles,641927,Bailey Ober,687064,Brandon Young,4.62,1.25,0.741,3.52,1.35,0.857,0.492,0.48,-41,-31,0.6,0.7,4,4,-1.1,-0.11599999999999999,0.01200000000000001,-10,0
824970,2026-08-11,133,Athletics,139,Tampa Bay Rays,686930,Mason Barnett,607259,Nick Martinez,7.08,1.62,0.829,3.05,1.14,0.702,0.386,0.603,-181,49,0.5,0.8,4,4,-4.03,0.127,-0.21699999999999997,-230,0
823019,2026-08-11,138,St. Louis Cardinals,143,Philadelphia Phillies,669467,Andre Pallante,650911,Cristopher Sánchez,3.57,1.24,0.845,2.51,1.22,0.755,0.508,0.547,9,15,0.5,0.4,4,4,-1.06,0.08999999999999997,-0.039000000000000035,-6,1
823997,2026-08-11,108,Los Angeles Angels,140,Texas Rangers,696270,Ryan Johnson,674003,Cody Bradford,6.41,1.54,0.743,2.93,1.43,0.802,0.394,0.488,-85,-48,0.6,0.4,4,4,-3.48,-0.05900000000000005,-0.09399999999999997,-37,1
825046,2026-08-11,109,Arizona Diamondbacks,115,Colorado Rockies,683352,Mitch Bratt,608372,Tomoyuki Sugano,4.17,1.47,0.855,4.7,1.26,0.824,0.523,0.394,4,-122,0.5,0.7,4,4,0.5300000000000002,0.031000000000000028,0.129,126,0
823264,2026-08-11,135,San Diego Padres,158,Milwaukee Brewers,621111,Walker Buehler,690986,Kyle Harrison,4.79,1.39,0.788,2.84,1.11,0.81,0.531,0.614,3,156,0.7,0.4,4,4,-1.9500000000000002,-0.02200000000000002,-0.08299999999999996,-153,1
823186,2026-08-11,137,San Francisco Giants,117,Houston Astros,687931,Carson Whisenhunt,686613,Hunter Brown,7.03,1.84,0.8,3.67,1.3,1.04,0.413,0.504,-73,-31,0.3,0.5,4,4,-3.3600000000000003,-0.24,-0.09100000000000003,-42,1
823917,2026-08-11,119,Los Angeles Dodgers,118,Kansas City Royals,605483,Blake Snell,608379,Michael Wacha,3.6,1.13,0.844,3.58,1.15,0.815,0.602,0.422,145,-104,0.4,0.3,4,4,-0.020000000000000018,0.029000000000000026,0.18,249,1
824563,2026-08-11,145,Chicago White Sox,113,Cincinnati Reds,680732,Sean Burke,666157,Nick Lodolo,3.15,1.11,0.757,4.52,1.42,0.808,0.524,0.48,47,-88,0.4,0.6,4,4,1.3699999999999997,-0.051000000000000045,0.04400000000000004,135,0
823263,2026-08-12,135,San Diego Padres,158,Milwaukee Brewers,592662,Robbie Ray,669160,Dustin May,3.2,1.31,0.788,4.57,1.3,0.81,0.531,0.614,3,156,0.7,0.4,4,4,1.37,-0.02200000000000002,-0.08299999999999996,-153,1
823672,2026-08-12,142,Minnesota Twins,110,Baltimore Orioles,805673,Zebby Matthews,669358,Shane Baz,5.12,1.33,0.741,4.02,1.35,0.857,0.492,0.48,-41,-31,0.6,0.7,4,4,-1.1000000000000005,-0.11599999999999999,0.01200000000000001,-10,1
823017,2026-08-12,138,St. Louis Cardinals,143,Philadelphia Phillies,681517,Kyle Leahy,554430,Zack Wheeler,3.24,1.31,0.845,2.92,1.01,0.755,0.508,0.547,9,15,0.5,0.4,4,4,-0.3200000000000003,0.08999999999999997,-0.039000000000000035,-6,1
824967,2026-08-12,133,Athletics,139,Tampa Bay Rays,678022,Jack Perkins,656876,Drew Rasmussen,6.96,1.48,0.829,3.01,0.95,0.702,0.386,0.603,-181,49,0.5,0.8,4,4,-3.95,0.127,-0.21699999999999997,-230,0
825047,2026-08-12,109,Arizona Diamondbacks,115,Colorado Rockies,518876,Merrill Kelly,663372,Ryan Feltner,5.37,1.52,0.855,5.97,1.53,0.824,0.523,0.394,4,-122,0.5,0.7,4,4,0.5999999999999996,0.031000000000000028,0.129,126,0
823187,2026-08-12,137,San Francisco Giants,117,Houston Astros,605288,Adrian Houser,687911,Bryan King,4.08,1.31,0.8,4.01,1.37,1.04,0.413,0.504,-73,-31,0.3,0.5,4,4,-0.07000000000000028,-0.24,-0.09100000000000003,-42,0
824241,2026-08-12,116,Detroit Tigers,114,Cleveland Guardians,664285,Framber Valdez,656492,Foster Griffin,4.35,1.4,0.808,3.18,1.11,0.8,0.48,0.48,82,-26,0.4,0.4,4,4,-1.1699999999999995,0.008000000000000007,0.0,108,0
823833,2026-08-12,146,Miami Marlins,134,Pittsburgh Pirates,676083,Janson Junk,669387,Carmen Mlodzinski,4.37,1.36,0.793,4.03,1.45,0.772,0.5,0.488,14,31,0.7,0.4,4,4,-0.33999999999999986,0.02100000000000002,0.01200000000000001,-17,1
822698,2026-08-12,120,Washington Nationals,112,Chicago Cubs,800600,Jackson Kent,656849,David Peterson,9.39,2.48,0.884,5.29,1.53,0.928,0.477,0.578,19,100,0.7,0.6,4,4,-4.1000000000000005,-0.04400000000000004,-0.10099999999999998,-81,0
823511,2026-08-12,147,New York Yankees,136,Seattle Mariners,701542,Will Warren,682243,Bryce Miller,4.43,1.4,0.77,3.71,1.04,0.818,0.563,0.472,89,-43,0.5,0.6,4,4,-0.7199999999999998,-0.04799999999999993,0.09099999999999997,132,1
822779,2026-08-12,141,Toronto Blue Jays,111,Boston Red Sox,667755,José Soriano,624133,Ranger Suarez,3.23,1.26,0.714,3.41,1.18,0.927,0.484,0.535,-53,95,0.7,0.3,4,4,0.18000000000000016,-0.21300000000000008,-0.051000000000000045,-148,1
824883,2026-08-12,144,Atlanta Braves,121,New York Mets,641816,Tyler Mahle,804267,Zac Thornton,4.53,1.31,0.804,3.04,1.13,0.752,0.583,0.453,110,-42,0.6,0.3,4,4,-1.4900000000000002,0.052000000000000046,0.12999999999999995,152,1
824562,2026-08-12,145,Chicago White Sox,113,Cincinnati Reds,622491,Luis Castillo,695076,Rhett Lowder,4.99,1.37,0.757,5.17,1.49,0.808,0.524,0.48,47,-88,0.4,0.6,4,4,0.17999999999999972,-0.051000000000000045,0.04400000000000004,135,1
823916,2026-08-12,119,Los Angeles Dodgers,118,Kansas City Royals,641778,Eric Lauer,663738,Daniel Lynch IV,4.79,1.25,0.844,2.83,1.02,0.815,0.602,0.422,145,-104,0.4,0.3,4,4,-1.96,0.029000000000000026,0.18,249,1
823994,2026-08-12,108,Los Angeles Angels,140,Texas Rangers,691946,George Klassen,615698,Cal Quantrill,3.74,1.62,0.743,3.13,1.15,0.802,0.394,0.488,-85,-48,0.6,0.4,4,4,-0.6100000000000003,-0.05900000000000005,-0.09399999999999997,-37,1
824238,2026-08-13,116,Detroit Tigers,114,Cleveland Guardians,672456,Keider Montero,800048,Parker Messick,3.3,1.0,0.808,2.54,1.03,0.8,0.48,0.48,82,-26,0.4,0.4,4,4,-0.7599999999999998,0.008000000000000007,0.0,108,1
824561,2026-08-13,145,Chicago White Sox,113,Cincinnati Reds,663436,Davis Martin,671096,Andrew Abbott,4.32,1.33,0.757,4.07,1.4,0.808,0.524,0.48,47,-88,0.4,0.6,4,4,-0.25,-0.051000000000000045,0.04400000000000004,135,0
823829,2026-08-13,146,Miami Marlins,134,Pittsburgh Pirates,663969,Tyler Phillips,677952,Braxton Ashcraft,3.67,1.37,0.793,3.68,1.08,0.772,0.5,0.488,14,31,0.7,0.4,4,4,0.010000000000000231,0.02100000000000002,0.01200000000000001,-17,0
823508,2026-08-13,147,New York Yankees,136,Seattle Mariners,608331,Max Fried,669302,Logan Gilbert,2.81,1.0,0.77,3.35,1.01,0.818,0.563,0.472,89,-43,0.5,0.6,4,4,0.54,-0.04799999999999993,0.09099999999999997,132,0
822776,2026-08-13,141,Toronto Blue Jays,111,Boston Red Sox,453286,Max Scherzer,801139,Payton Tolle,7.4,1.51,0.714,3.08,1.08,0.927,0.484,0.535,-53,95,0.7,0.3,4,4,-4.32,-0.21300000000000008,-0.051000000000000045,-148,0
822696,2026-08-13,120,Washington Nationals,112,Chicago Cubs,676917,Cade Cavalli,592332,Kevin Gausman,3.22,1.22,0.884,4.58,1.3,0.928,0.477,0.578,19,100,0.7,0.6,4,4,1.3599999999999999,-0.04400000000000004,-0.10099999999999998,-81,1
823669,2026-08-13,142,Minnesota Twins,143,Philadelphia Phillies,671737,Taj Bradley,605400,Aaron Nola,3.9,1.28,0.741,5.12,1.42,0.755,0.492,0.547,-41,15,0.6,0.4,4,4,1.2200000000000002,-0.014000000000000012,-0.05500000000000005,-56,0
823995,2026-08-13,108,Los Angeles Angels,140,Texas Rangers,700712,Walbert Ureña,594798,Jacob deGrom,2.8,1.24,0.743,3.95,1.17,0.802,0.394,0.488,-85,-48,0.6,0.4,4,4,1.1500000000000004,-0.05900000000000005,-0.09399999999999997,-37,1
823915,2026-08-13,119,Los Angeles Dodgers,158,Milwaukee Brewers,808963,Roki Sasaki,675660,Shane Drohan,4.42,1.3,0.844,3.86,1.25,0.81,0.602,0.614,145,156,0.4,0.4,4,4,-0.56,0.03399999999999992,-0.01200000000000001,-11,0
824643,2026-08-14,112,Chicago Cubs,138,St. Louis Cardinals,605280,Clay Holmes,669461,Matthew Liberatore,2.49,1.11,0.928,5.04,1.44,0.845,0.578,0.508,100,9,0.4,0.5,4,4,2.55,0.08300000000000007,0.06999999999999995,91,1
824479,2026-08-14,113,Cincinnati Reds,146,Miami Marlins,695505,Chase Burns,645261,Sandy Alcantara,2.51,1.11,0.808,3.46,1.18,0.793,0.48,0.5,-88,14,0.4,0.3,4,4,0.9500000000000002,0.015000000000000013,-0.020000000000000018,-102,1
823346,2026-08-14,134,Pittsburgh Pirates,111,Boston Red Sox,696149,Bubba Chandler,687562,Jake Bennett,4.23,1.37,0.772,3.46,1.07,0.927,0.488,0.535,31,95,0.6,0.3,4,4,-0.7700000000000005,-0.15500000000000003,-0.04700000000000004,-64,1
824237,2026-08-14,116,Detroit Tigers,145,Chicago White Sox,695549,Jackson Jobe,656794,Sean Newcomb,4.5,1.36,0.808,2.44,1.1,0.757,0.48,0.524,82,47,0.4,0.6,4,4,-2.06,0.051000000000000045,-0.04400000000000004,35,0
823591,2026-08-14,121,New York Mets,120,Washington Nationals,476594,Robert Stock,674841,Andrew Alvarez,5.4,1.68,0.752,3.72,1.33,0.884,0.453,0.477,-42,19,0.7,0.3,4,4,-1.6800000000000002,-0.132,-0.023999999999999966,-61,1
824399,2026-08-14,114,Cleveland Guardians,135,San Diego Padres,668909,Gavin Williams,650633,Michael King,3.74,1.08,0.8,3.38,1.17,0.788,0.48,0.531,-26,3,0.6,0.3,4,4,-0.3600000000000003,0.01200000000000001,-0.051000000000000045,-29,0
823993,2026-08-14,108,Los Angeles Angels,118,Kansas City Royals,680570,Grayson Rodriguez,607625,Seth Lugo,7.17,1.59,0.743,4.71,1.38,0.815,0.394,0.422,-85,-104,0.6,0.3,4,4,-2.46,-0.07199999999999995,-0.02799999999999997,19,0
824882,2026-08-14,144,Atlanta Braves,109,Arizona Diamondbacks,519242,Chris Sale,694297,Brandon Pfaadt,2.16,1.02,0.804,3.39,1.14,0.855,0.583,0.523,110,4,0.6,0.5,4,4,1.23,-0.050999999999999934,0.05999999999999994,106,0
822777,2026-08-14,141,Toronto Blue Jays,147,New York Yankees,669456,Shane Bieber,543037,Gerrit Cole,4.99,1.56,0.714,3.22,1.08,0.77,0.484,0.563,-53,89,0.7,0.5,4,4,-1.77,-0.05600000000000005,-0.07899999999999996,-142,1
824159,2026-08-14,117,Houston Astros,136,Seattle Mariners,663567,Peter Lambert,669923,George Kirby,3.11,1.15,1.04,3.89,1.31,0.818,0.504,0.472,-31,-43,0.5,0.6,4,4,0.7800000000000002,0.2220000000000001,0.03200000000000003,12,1
824968,2026-08-14,133,Athletics,140,Texas Rangers,695611,Gage Jump,677958,Kumar Rocker,4.5,1.45,0.829,4.46,1.4,0.802,0.386,0.488,-181,-48,0.5,0.4,4,4,-0.040000000000000036,0.026999999999999913,-0.10199999999999998,-133,1
823913,2026-08-14,119,Los Angeles Dodgers,158,Milwaukee Brewers,808967,Yoshinobu Yamamoto,688107,Robert Gasser,2.6,0.89,0.844,4.54,1.24,0.81,0.602,0.614,145,156,0.4,0.4,4,4,1.94,0.03399999999999992,-0.01200000000000001,-11,1
823185,2026-08-14,137,San Francisco Giants,115,Colorado Rockies,694738,Landen Roupp,607536,Kyle Freeland,4.31,1.3,0.8,6.37,1.46,0.824,0.413,0.394,-73,-122,0.3,0.7,4,4,2.0600000000000005,-0.02399999999999991,0.01899999999999996,49,0
822942,2026-08-14,139,Tampa Bay Rays,110,Baltimore Orioles,571927,Steven Matz,605135,Chris Bassitt,6.17,1.29,0.702,5.08,1.62,0.857,0.603,0.48,49,-31,0.2,0.7,4,4,-1.0899999999999999,-0.15500000000000003,0.123,80,0
822941,2026-08-15,139,Tampa Bay Rays,110,Baltimore Orioles,693855,Ian Seymour,680694,Kyle Bradish,4.11,1.13,0.702,3.65,1.36,0.857,0.603,0.48,49,-31,0.2,0.7,4,4,-0.4600000000000004,-0.15500000000000003,0.123,80,0
824239,2026-08-15,116,Detroit Tigers,145,Chicago White Sox,675512,Troy Melton,641743,Anthony Kay,1.71,0.97,0.808,4.01,1.34,0.757,0.48,0.524,82,47,0.4,0.6,4,4,2.3,0.051000000000000045,-0.04400000000000004,35,0
824644,2026-08-15,112,Chicago Cubs,138,St. Louis Cardinals,571510,Matthew Boyd,700241,Michael McGreevy,4.02,1.24,0.928,3.48,1.22,0.845,0.578,0.508,100,9,0.4,0.5,4,4,-0.5399999999999996,0.08300000000000007,0.06999999999999995,91,0
822775,2026-08-15,141,Toronto Blue Jays,147,New York Yankees,680755,Braydon Fisher,693645,Cam Schlittler,3.52,1.23,0.714,2.19,0.94,0.77,0.484,0.563,-53,89,0.7,0.5,4,4,-1.33,-0.05600000000000005,-0.07899999999999996,-142,1
823184,2026-08-15,137,San Francisco Giants,115,Colorado Rockies,657277,Logan Webb,547179,Michael Lorenzen,3.5,1.06,0.8,7.08,1.88,0.824,0.413,0.394,-73,-122,0.3,0.7,4,4,3.58,-0.02399999999999991,0.01899999999999996,49,1
823588,2026-08-15,121,New York Mets,120,Washington Nationals,640455,Sean Manaea,695418,Brad Lord,4.22,1.32,0.752,4.04,1.25,0.884,0.453,0.477,-42,19,0.7,0.3,4,4,-0.17999999999999972,-0.132,-0.023999999999999966,-61,1
824480,2026-08-15,113,Cincinnati Reds,146,Miami Marlins,663903,Brady Singer,687473,Ryan Gusto,4.66,1.44,0.808,4.7,1.32,0.793,0.48,0.5,-88,14,0.4,0.3,4,4,0.040000000000000036,0.015000000000000013,-0.020000000000000018,-102,0
823990,2026-08-15,108,Los Angeles Angels,118,Kansas City Royals,672282,Reid Detmers,677976,Randy Dobnak,3.78,1.06,0.743,1.73,1.3,0.815,0.394,0.422,-85,-104,0.6,0.3,4,4,-2.05,-0.07199999999999995,-0.02799999999999997,19,1
824157,2026-08-15,117,Houston Astros,136,Seattle Mariners,669713,Hayden Wesneski,676106,Emerson Hancock,5.16,1.32,1.04,3.3,1.11,0.818,0.504,0.472,-31,-43,0.5,0.6,4,4,-1.8600000000000003,0.2220000000000001,0.03200000000000003,12,0
823671,2026-08-15,142,Minnesota Twins,143,Philadelphia Phillies,687570,Connor Prielipp,666200,Jesús Luzardo,5.34,1.38,0.741,3.23,1.15,0.755,0.492,0.547,-41,15,0.6,0.4,4,4,-2.11,-0.014000000000000012,-0.05500000000000005,-56,0
823347,2026-08-15,134,Pittsburgh Pirates,111,Boston Red Sox,683003,Jared Jones,543243,Sonny Gray,4.78,1.2,0.772,2.65,1.15,0.927,0.488,0.535,31,95,0.6,0.3,4,4,-2.1300000000000003,-0.15500000000000003,-0.04700000000000004,-64,0
824884,2026-08-15,144,Atlanta Braves,109,Arizona Diamondbacks,656550,Grant Holmes,593958,Eduardo Rodriguez,3.82,1.35,0.804,2.71,1.21,0.855,0.583,0.523,110,4,0.6,0.5,4,4,-1.1099999999999999,-0.050999999999999934,0.05999999999999994,106,0
823914,2026-08-15,119,Los Angeles Dodgers,158,Milwaukee Brewers,680736,Justin Wrobleski,694819,Jacob Misiorowski,3.56,1.1,0.844,1.75,0.75,0.81,0.602,0.614,145,156,0.4,0.4,4,4,-1.81,0.03399999999999992,-0.01200000000000001,-11,0
824966,2026-08-15,133,Athletics,140,Texas Rangers,669372,J.T. Ginn,669022,MacKenzie Gore,3.53,1.22,0.829,4.45,1.26,0.802,0.386,0.488,-181,-48,0.5,0.4,4,4,0.9200000000000004,0.026999999999999913,-0.10199999999999998,-133,0
824400,2026-08-15,114,Cleveland Guardians,135,San Diego Padres,676282,Joey Cantillo,593974,Wandy Peralta,3.8,1.44,0.8,3.48,1.4,0.788,0.48,0.531,-26,3,0.6,0.3,4,4,-0.31999999999999984,0.01200000000000001,-0.051000000000000045,-29,1
822940,2026-08-16,139,Tampa Bay Rays,110,Baltimore Orioles,642547,Freddy Peralta,669432,Trevor Rogers,5.27,1.48,0.702,4.15,1.25,0.857,0.603,0.48,49,-31,0.2,0.7,4,4,-1.1199999999999992,-0.15500000000000003,0.123,80,0
823344,2026-08-16,134,Pittsburgh Pirates,111,Boston Red Sox,669199,Lake Bachar,663776,Patrick Sandoval,3.8,1.08,0.772,4.76,1.85,0.927,0.488,0.535,31,95,0.6,0.3,4,4,0.96,-0.15500000000000003,-0.04700000000000004,-64,1
824880,2026-08-16,144,Atlanta Braves,109,Arizona Diamondbacks,693821,Bryce Elder,647336,Michael Soroka,3.92,1.23,0.804,2.93,1.11,0.855,0.583,0.523,110,4,0.6,0.5,4,4,-0.9899999999999998,-0.050999999999999934,0.05999999999999994,106,1
822774,2026-08-16,141,Toronto Blue Jays,147,New York Yankees,656302,Dylan Cease,677960,Ryan Weathers,2.42,1.06,0.714,3.56,1.19,0.77,0.484,0.563,-53,89,0.7,0.5,4,4,1.1400000000000001,-0.05600000000000005,-0.07899999999999996,-142,0
823590,2026-08-16,121,New York Mets,120,Washington Nationals,681035,Christian Scott,663623,Jake Irvin,3.51,1.29,0.752,5.8,1.36,0.884,0.453,0.477,-42,19,0.7,0.3,4,4,2.29,-0.132,-0.023999999999999966,-61,1
824397,2026-08-16,114,Cleveland Guardians,135,San Diego Padres,676440,Tanner Bibee,663554,Casey Mize,4.01,1.15,0.8,3.18,1.07,0.788,0.48,0.531,-26,3,0.6,0.3,4,4,-0.8299999999999996,0.01200000000000001,-0.051000000000000045,-29,0
824236,2026-08-16,116,Detroit Tigers,145,Chicago White Sox,623454,Drew Anderson,680732,Sean Burke,4.01,1.3,0.808,3.15,1.11,0.757,0.48,0.524,82,47,0.4,0.6,4,4,-0.8599999999999999,0.051000000000000045,-0.04400000000000004,35,0
823670,2026-08-16,142,Minnesota Twins,143,Philadelphia Phillies,665152,Dean Kremer,691725,Andrew Painter,5.4,1.18,0.741,6.43,1.55,0.755,0.492,0.547,-41,15,0.6,0.4,4,4,1.0299999999999994,-0.014000000000000012,-0.05500000000000005,-56,0
824642,2026-08-16,112,Chicago Cubs,138,St. Louis Cardinals,665795,Edward Cabrera,690928,Hunter Dobbins,5.68,1.45,0.928,3.42,1.3,0.845,0.578,0.508,100,9,0.4,0.5,4,4,-2.26,0.08300000000000007,0.06999999999999995,91,0
823182,2026-08-16,137,San Francisco Giants,115,Colorado Rockies,694918,Blade Tidwell,687312,Gabriel Hughes,4.33,1.22,0.8,6.69,1.38,0.824,0.413,0.394,-73,-122,0.3,0.7,4,4,2.3600000000000003,-0.02399999999999991,0.01899999999999996,49,0
824965,2026-08-16,133,Athletics,140,Texas Rangers,682052,Jacob Lopez,674003,Cody Bradford,5.22,1.53,0.829,2.93,1.43,0.802,0.386,0.488,-181,-48,0.5,0.4,4,4,-2.2899999999999996,0.026999999999999913,-0.10199999999999998,-133,1
823991,2026-08-16,108,Los Angeles Angels,118,Kansas City Royals,696270,Ryan Johnson,702070,Noah Cameron,6.41,1.54,0.743,4.16,1.22,0.815,0.394,0.422,-85,-104,0.6,0.3,4,4,-2.25,-0.07199999999999995,-0.02799999999999997,19,0
823912,2026-08-16,119,Los Angeles Dodgers,158,Milwaukee Brewers,669373,Tarik Skubal,701656,Logan Henderson,2.85,0.96,0.844,2.7,0.87,0.81,0.602,0.614,145,156,0.4,0.4,4,4,-0.1499999999999999,0.03399999999999992,-0.01200000000000001,-11,0
824156,2026-08-16,117,Houston Astros,136,Seattle Mariners,686613,Hunter Brown,693433,Bryan Woo,3.67,1.3,1.04,4.1,1.08,0.818,0.504,0.472,-31,-43,0.5,0.6,4,4,0.4299999999999997,0.2220000000000001,0.03200000000000003,12,0
824477,2026-08-16,113,Cincinnati Reds,146,Miami Marlins,666157,Nick Lodolo,691587,Eury Pérez,4.52,1.42,0.808,3.23,1.11,0.793,0.48,0.5,-88,14,0.4,0.3,4,4,-1.2899999999999996,0.015000000000000013,-0.020000000000000018,-102,0
823427,2026-08-17,143,Philadelphia Phillies,146,Miami Marlins,650911,Cristopher Sánchez,676083,Janson Junk,2.51,1.22,0.755,4.37,1.36,0.793,0.547,0.5,15,14,0.6,0.3,4,4,1.8600000000000003,-0.038000000000000034,0.04700000000000004,1,1
824478,2026-08-17,113,Cincinnati Reds,138,St. Louis Cardinals,695076,Rhett Lowder,669467,Andre Pallante,5.17,1.49,0.808,3.57,1.24,0.845,0.48,0.508,-88,9,0.4,0.5,4,4,-1.6,-0.03699999999999992,-0.028000000000000025,-97,1
822939,2026-08-17,139,Tampa Bay Rays,110,Baltimore Orioles,663556,Shane McClanahan,687064,Brandon Young,3.25,1.12,0.702,3.52,1.35,0.857,0.603,0.48,49,-31,0.2,0.7,4,4,0.27,-0.15500000000000003,0.123,80,1
823343,2026-08-17,134,Pittsburgh Pirates,116,Detroit Tigers,669387,Carmen Mlodzinski,664285,Framber Valdez,4.03,1.45,0.772,4.35,1.4,0.808,0.488,0.48,31,82,0.6,0.6,4,4,0.3199999999999994,-0.03600000000000003,0.008000000000000007,-51,0
824514,2026-08-17,113,Cincinnati Reds,138,St. Louis Cardinals,592288,Kent Emanuel,687273,Quinn Mathews,3.6,1.6,0.808,3.0,1.56,0.845,0.48,0.508,-88,9,0.4,0.5,4,4,-0.6000000000000001,-0.03699999999999992,-0.028000000000000025,-97,0
823589,2026-08-17,121,New York Mets,135,San Diego Padres,690997,Nolan McLean,621111,Walker Buehler,3.34,1.16,0.752,4.79,1.39,0.788,0.453,0.531,-42,3,0.7,0.3,4,4,1.4500000000000002,-0.03600000000000003,-0.07800000000000001,-45,1
824077,2026-08-17,118,Kansas City Royals,133,Athletics,608379,Michael Wacha,686930,Mason Barnett,3.58,1.15,0.815,7.08,1.62,0.829,0.422,0.386,-104,-181,0.7,0.5,4,4,3.5,-0.014000000000000012,0.035999999999999976,77,1
823668,2026-08-17,142,Minnesota Twins,144,Atlanta Braves,641927,Bailey Ober,527048,Martín Pérez,4.62,1.25,0.741,3.15,1.19,0.804,0.492,0.583,-41,110,0.6,0.4,4,4,-1.4700000000000002,-0.06300000000000006,-0.09099999999999997,-151,1
824641,2026-08-17,112,Chicago Cubs,145,Chicago White Sox,684007,Shota Imanaga,622491,Luis Castillo,3.77,1.09,0.928,4.99,1.37,0.757,0.578,0.524,100,47,0.4,0.6,4,4,1.2200000000000002,0.17100000000000004,0.05399999999999994,53,1
824320,2026-08-17,115,Colorado Rockies,119,Los Angeles Dodgers,608372,Tomoyuki Sugano,605483,Blake Snell,4.7,1.26,0.824,3.6,1.13,0.844,0.394,0.602,-122,145,0.3,0.6,4,4,-1.1,-0.020000000000000018,-0.20799999999999996,-267,0
824725,2026-08-17,111,Boston Red Sox,109,Arizona Diamondbacks,687941,Alec Gamboa,683352,Mitch Bratt,1.47,1.04,0.927,4.17,1.47,0.855,0.535,0.523,95,4,0.7,0.5,4,4,2.7,0.07200000000000006,0.01200000000000001,91,1
824803,2026-08-18,110,Baltimore Orioles,147,New York Yankees,669358,Shane Baz,607074,Carlos Rodón,4.02,1.35,0.857,3.22,1.23,0.77,0.48,0.563,-31,89,0.3,0.5,4,4,-0.7999999999999994,0.08699999999999997,-0.08299999999999996,-120,0
823341,2026-08-18,134,Pittsburgh Pirates,116,Detroit Tigers,677952,Braxton Ashcraft,672456,Keider Montero,3.68,1.08,0.772,3.3,1.0,0.808,0.488,0.48,31,82,0.6,0.6,4,4,-0.38000000000000034,-0.03600000000000003,0.008000000000000007,-51,1
824475,2026-08-18,113,Cincinnati Reds,138,St. Louis Cardinals,671096,Andrew Abbott,681517,Kyle Leahy,4.07,1.4,0.808,3.24,1.31,0.845,0.48,0.508,-88,9,0.4,0.5,4,4,-0.8300000000000001,-0.03699999999999992,-0.028000000000000025,-97,0
822938,2026-08-18,139,Tampa Bay Rays,141,Toronto Blue Jays,607259,Nick Martinez,667755,José Soriano,3.05,1.14,0.702,3.23,1.26,0.714,0.603,0.484,49,-53,0.2,0.3,4,4,0.18000000000000016,-0.01200000000000001,0.119,102,0
823423,2026-08-18,143,Philadelphia Phillies,146,Miami Marlins,554430,Zack Wheeler,806188,Cade Gibson,2.92,1.01,0.755,5.66,1.57,0.793,0.547,0.5,15,14,0.6,0.3,4,4,2.74,-0.038000000000000034,0.04700000000000004,1,1
824723,2026-08-18,111,Boston Red Sox,109,Arizona Diamondbacks,624133,Ranger Suarez,518876,Merrill Kelly,3.41,1.18,0.927,5.37,1.52,0.855,0.535,0.523,95,4,0.7,0.5,4,4,1.96,0.07200000000000006,0.01200000000000001,91,1
824398,2026-08-18,114,Cleveland Guardians,137,San Francisco Giants,656492,Foster Griffin,687931,Carson Whisenhunt,3.18,1.11,0.8,7.03,1.84,0.8,0.48,0.413,-26,-73,0.6,0.7,4,4,3.85,0.0,0.067,47,1
824075,2026-08-18,118,Kansas City Royals,133,Athletics,663738,Daniel Lynch IV,669620,Brady Basso,2.83,1.02,0.815,3.91,1.35,0.829,0.422,0.386,-104,-181,0.7,0.5,4,4,1.08,-0.014000000000000012,0.035999999999999976,77,1
823667,2026-08-18,142,Minnesota Twins,144,Atlanta Braves,805673,Zebby Matthews,641816,Tyler Mahle,5.12,1.33,0.741,4.53,1.31,0.804,0.492,0.583,-41,110,0.6,0.4,4,4,-0.5899999999999999,-0.06300000000000006,-0.09099999999999997,-151,1
823749,2026-08-18,158,Milwaukee Brewers,136,Seattle Mariners,690986,Kyle Harrison,682243,Bryce Miller,2.84,1.11,0.81,3.71,1.04,0.818,0.614,0.472,156,-43,0.6,0.6,4,4,0.8700000000000001,-0.007999999999999896,0.14200000000000002,199,1
822859,2026-08-18,140,Texas Rangers,120,Washington Nationals,615698,Cal Quantrill,800600,Jackson Kent,3.13,1.15,0.802,9.39,2.48,0.884,0.488,0.477,-48,19,0.6,0.3,4,4,6.260000000000001,-0.08199999999999996,0.01100000000000001,-67,1
824639,2026-08-18,112,Chicago Cubs,145,Chicago White Sox,592332,Kevin Gausman,663542,Bryan Hudson,4.58,1.3,0.928,3.42,1.29,0.757,0.578,0.524,100,47,0.4,0.6,4,4,-1.1600000000000001,0.17100000000000004,0.05399999999999994,53,1
824154,2026-08-18,117,Houston Astros,108,Los Angeles Angels,664299,Cristian Javier,691946,George Klassen,6.44,1.68,1.04,3.74,1.62,0.743,0.504,0.394,-31,-85,0.5,0.4,4,4,-2.7,0.29700000000000004,0.10999999999999999,54,0
824319,2026-08-18,115,Colorado Rockies,119,Los Angeles Dodgers,663372,Ryan Feltner,641778,Eric Lauer,5.97,1.53,0.824,4.79,1.25,0.844,0.394,0.602,-122,145,0.3,0.6,4,4,-1.1799999999999997,-0.020000000000000018,-0.20799999999999996,-267,0
823586,2026-08-18,121,New York Mets,135,San Diego Padres,804267,Zac Thornton,592662,Robbie Ray,3.04,1.13,0.752,3.2,1.31,0.788,0.453,0.531,-42,3,0.7,0.3,4,4,0.16000000000000014,-0.03600000000000003,-0.07800000000000001,-45,0
823587,2026-08-19,121,New York Mets,135,San Diego Padres,476594,Robert Stock,650633,Michael King,5.4,1.68,0.752,3.38,1.17,0.788,0.453,0.531,-42,3,0.7,0.3,4,4,-2.0200000000000005,-0.03600000000000003,-0.07800000000000001,-45,1
823664,2026-08-19,142,Minnesota Twins,144,Atlanta Braves,671737,Taj Bradley,700363,AJ Smith-Shawver,3.9,1.28,0.741,6.23,1.62,0.804,0.492,0.583,-41,110,0.6,0.4,4,4,2.3300000000000005,-0.06300000000000006,-0.09099999999999997,-151,1
824640,2026-08-19,112,Chicago Cubs,145,Chicago White Sox,605280,Clay Holmes,656794,Sean Newcomb,2.49,1.11,0.928,2.44,1.1,0.757,0.578,0.524,100,47,0.4,0.6,4,4,-0.050000000000000266,0.17100000000000004,0.05399999999999994,53,0
824722,2026-08-19,111,Boston Red Sox,109,Arizona Diamondbacks,801139,Payton Tolle,694297,Brandon Pfaadt,3.08,1.08,0.927,3.39,1.14,0.855,0.535,0.523,95,4,0.7,0.5,4,4,0.31000000000000005,0.07200000000000006,0.01200000000000001,91,0
823424,2026-08-19,143,Philadelphia Phillies,146,Miami Marlins,605400,Aaron Nola,645261,Sandy Alcantara,5.12,1.42,0.755,3.46,1.18,0.793,0.547,0.5,15,14,0.6,0.3,4,4,-1.6600000000000001,-0.038000000000000034,0.04700000000000004,1,1
824801,2026-08-19,110,Baltimore Orioles,147,New York Yankees,605135,Chris Bassitt,701542,Will Warren,5.08,1.62,0.857,4.43,1.4,0.77,0.48,0.563,-31,89,0.3,0.5,4,4,-0.6500000000000004,0.08699999999999997,-0.08299999999999996,-120,0
824076,2026-08-19,118,Kansas City Royals,133,Athletics,607625,Seth Lugo,605488,Jeffrey Springs,4.71,1.38,0.815,6.02,1.48,0.829,0.422,0.386,-104,-181,0.7,0.5,4,4,1.3099999999999996,-0.014000000000000012,0.035999999999999976,77,1
824476,2026-08-19,113,Cincinnati Reds,138,St. Louis Cardinals,695505,Chase Burns,669461,Matthew Liberatore,2.51,1.11,0.808,5.04,1.44,0.845,0.48,0.508,-88,9,0.4,0.5,4,4,2.5300000000000002,-0.03699999999999992,-0.028000000000000025,-97,1
822937,2026-08-19,139,Tampa Bay Rays,141,Toronto Blue Jays,656876,Drew Rasmussen,453286,Max Scherzer,3.01,0.95,0.702,7.4,1.51,0.714,0.603,0.484,49,-53,0.2,0.3,4,4,4.390000000000001,-0.01200000000000001,0.119,102,1
823748,2026-08-19,158,Milwaukee Brewers,136,Seattle Mariners,669160,Dustin May,669302,Logan Gilbert,4.57,1.3,0.81,3.35,1.01,0.818,0.614,0.472,156,-43,0.6,0.6,4,4,-1.2200000000000002,-0.007999999999999896,0.14200000000000002,199,0
822860,2026-08-19,140,Texas Rangers,120,Washington Nationals,677958,Kumar Rocker,676917,Cade Cavalli,4.46,1.4,0.802,3.22,1.22,0.884,0.488,0.477,-48,19,0.6,0.3,4,4,-1.2399999999999998,-0.08199999999999996,0.01100000000000001,-67,0
824155,2026-08-19,117,Houston Astros,108,Los Angeles Angels,814490,Ethan Pecko,700712,Walbert Ureña,4.91,1.64,1.04,2.8,1.24,0.743,0.504,0.394,-31,-85,0.5,0.4,4,4,-2.1100000000000003,0.29700000000000004,0.10999999999999999,54,1
824318,2026-08-19,115,Colorado Rockies,119,Los Angeles Dodgers,607536,Kyle Freeland,808963,Roki Sasaki,6.37,1.46,0.824,4.42,1.3,0.844,0.394,0.602,-122,145,0.3,0.6,4,4,-1.9500000000000002,-0.020000000000000018,-0.20799999999999996,-267,0
824394,2026-08-19,114,Cleveland Guardians,137,San Francisco Giants,800048,Parker Messick,683363,Matt Wilkinson,2.54,1.03,0.8,0.0,0.5,0.8,0.48,0.413,-26,-73,0.6,0.7,4,4,-2.54,0.0,0.067,47,0
823342,2026-08-19,134,Pittsburgh Pirates,116,Detroit Tigers,694973,Paul Skenes,695549,Jackson Jobe,3.95,1.14,0.772,4.5,1.36,0.808,0.488,0.48,31,82,0.6,0.6,4,4,0.5499999999999998,-0.03600000000000003,0.008000000000000007,-51,1
